"_time",IPSource,ja3,PortDestination,PortSource,UserAgent,Request
"2018-03-25 17:49:10.694 UTC","67.21.36.2",20c9baf81bfe96ff89722899e75d0190,443,42434,"Mozilla/5.0 zgrab/0.x","GET /robots.txt HTTP/1.1"
"2018-03-25 17:47:39.784 UTC","71.6.202.204",20c9baf81bfe96ff89722899e75d0190,443,46058,"Mozilla/5.0 (Windows NT 10.0; WOW64) AppleWebKit/537.36 (KHTML, like Gecko) Chrome/63.0.3239.132 Safari/537.36","GET / HTTP/1.1"
"2018-03-25 17:23:27.251 UTC","141.212.122.48",de13f4c4d70f4211159e2360e806a742,443,54265,,
"2018-03-25 16:55:13.120 UTC","71.6.202.204",20c9baf81bfe96ff89722899e75d0190,443,44976,"Mozilla/5.0 (Windows NT 10.0; WOW64) AppleWebKit/537.36 (KHTML, like Gecko) Chrome/63.0.3239.132 Safari/537.36","GET / HTTP/1.1"
"2018-03-25 16:35:10.776 UTC","67.21.36.2",20c9baf81bfe96ff89722899e75d0190,443,58136,"Mozilla/5.0 zgrab/0.x","GET /robots.txt HTTP/1.1"
"2018-03-25 16:34:57.704 UTC","67.21.36.2",20c9baf81bfe96ff89722899e75d0190,443,47464,"Mozilla/5.0 zgrab/0.x","GET /robots.txt HTTP/1.1"
"2018-03-25 16:07:18.187 UTC","113.197.12.194",dbd2416e97bd353a7e1fba839e3a852e,443,35446,"-","\x8D\x80\xD0c\xA5&\xC1F\xC1\xB1\xA7\xDE(\xD3\x10C\xE1\xD6-\xB2"
"2018-03-25 16:07:18.187 UTC","113.197.12.194",dbd2416e97bd353a7e1fba839e3a852e,443,35462,"-","\x8D\x80\xD0c\xA5&\xC1F\xC1\xB1\xA7\xDE(\xD3\x10C\xE1\xD6-\xB2"
"2018-03-25 16:07:18.187 UTC","113.197.12.194",dbd2416e97bd353a7e1fba839e3a852e,443,35457,"-","\x8D\x80\xD0c\xA5&\xC1F\xC1\xB1\xA7\xDE(\xD3\x10C\xE1\xD6-\xB2"
"2018-03-25 16:07:18.187 UTC","113.197.12.194",dbd2416e97bd353a7e1fba839e3a852e,443,35450,"-","\x8D\x80\xD0c\xA5&\xC1F\xC1\xB1\xA7\xDE(\xD3\x10C\xE1\xD6-\xB2"
"2018-03-25 16:07:07.175 UTC","106.11.227.158",4cb30c32ef107c2e6f2c47bc94dc1c8b,443,13239,,
"2018-03-25 16:04:46.552 UTC","196.52.43.113",18e9afaf91db6f8a2470e7435c2a1d6b,995,6666,,
"2018-03-25 16:00:33.597 UTC","139.162.119.197",827f51bae371599533dc9207cb48f86e,443,48506,,
"2018-03-25 15:43:36.469 UTC","71.6.202.204",20c9baf81bfe96ff89722899e75d0190,443,39628,"Mozilla/5.0 (Windows NT 10.0; WOW64) AppleWebKit/537.36 (KHTML, like Gecko) Chrome/63.0.3239.132 Safari/537.36","GET / HTTP/1.1"
"2018-03-25 15:41:12.852 UTC","106.186.113.132",6b2355cd870327854d38780b7f3b6dc0,993,38452,,
"2018-03-25 15:39:57.264 UTC","103.53.32.155",eae050f0cb6163c28dd34324c1e28d74,443,57606,,
"2018-03-25 15:39:56.013 UTC","103.53.32.155",eae050f0cb6163c28dd34324c1e28d74,443,57387,,
"2018-03-25 15:39:48.577 UTC","103.53.32.155",eae050f0cb6163c28dd34324c1e28d74,443,57156,,
"2018-03-25 15:39:41.616 UTC","103.53.32.155",5001b4c2a48c94b76ca1f0199345fe60,443,56710,,
"2018-03-25 15:38:57.205 UTC","103.53.32.155",5001b4c2a48c94b76ca1f0199345fe60,443,55215,,
"2018-03-25 15:38:50.629 UTC","103.53.32.155",5001b4c2a48c94b76ca1f0199345fe60,443,54673,,
"2018-03-25 15:34:08.832 UTC","103.53.32.155",5001b4c2a48c94b76ca1f0199345fe60,443,51625,,
"2018-03-25 15:32:37.050 UTC","141.212.122.48",de13f4c4d70f4211159e2360e806a742,443,38522,,
"2018-03-25 15:21:22.404 UTC","141.212.122.48",de13f4c4d70f4211159e2360e806a742,443,49047,,
"2018-03-25 15:14:38.477 UTC","184.105.139.69",22aa2bdb630c59d5ff64a34017e418c4,443,62432,"-","GET / HTTP/1.1"
"2018-03-25 15:14:05.477 UTC","184.105.139.69",44609cef6ec7084c37c59c6317edb271,443,46658,"-","GET / HTTP/1.1"
"2018-03-25 15:12:54.238 UTC","74.82.47.4",22aa2bdb630c59d5ff64a34017e418c4,443,40404,"-","GET / HTTP/1.1"
"2018-03-25 15:12:24.962 UTC","74.82.47.4",44609cef6ec7084c37c59c6317edb271,443,29500,"-","GET / HTTP/1.1"
"2018-03-25 15:12:13.477 UTC","184.105.139.69",caaddd3ed0a315543d761490b01b08e0,443,53368,"-","GET / HTTP/1.1"
"2018-03-25 15:11:13.265 UTC","184.105.139.68",22aa2bdb630c59d5ff64a34017e418c4,443,37668,"-","GET / HTTP/1.1"
"2018-03-25 15:10:40.577 UTC","184.105.139.68",44609cef6ec7084c37c59c6317edb271,443,24218,"-","GET / HTTP/1.1"
"2018-03-25 15:08:32.698 UTC","74.82.47.4",caaddd3ed0a315543d761490b01b08e0,443,35598,"-","GET / HTTP/1.1"
"2018-03-25 15:07:50.508 UTC","184.105.139.68",caaddd3ed0a315543d761490b01b08e0,443,65050,"-","GET / HTTP/1.1"
"2018-03-25 14:58:53.520 UTC","184.105.247.196",22aa2bdb630c59d5ff64a34017e418c4,443,39482,"-","GET / HTTP/1.1"
"2018-03-25 14:58:26.184 UTC","184.105.247.196",44609cef6ec7084c37c59c6317edb271,443,24814,"-","GET / HTTP/1.1"
"2018-03-25 14:55:14.171 UTC","184.105.247.196",caaddd3ed0a315543d761490b01b08e0,443,35562,"-","GET / HTTP/1.1"
"2018-03-25 14:44:45.455 UTC","141.212.122.48",de13f4c4d70f4211159e2360e806a742,443,20938,,
"2018-03-25 14:40:32.223 UTC","67.21.36.2",20c9baf81bfe96ff89722899e75d0190,443,46756,"Mozilla/5.0 zgrab/0.x","GET /robots.txt HTTP/1.1"
"2018-03-25 14:39:23.681 UTC","106.15.76.85",c3a6cf0bf2e690ac8e1ecf6081f17a50,992,34344,,
"2018-03-25 14:39:23.136 UTC","106.15.76.85",c3a6cf0bf2e690ac8e1ecf6081f17a50,992,40532,,
"2018-03-25 14:38:41.409 UTC","184.105.139.68",22aa2bdb630c59d5ff64a34017e418c4,443,2414,"-","GET / HTTP/1.1"
"2018-03-25 14:38:10.557 UTC","184.105.139.68",44609cef6ec7084c37c59c6317edb271,443,53942,"-","GET / HTTP/1.1"
"2018-03-25 14:37:04.509 UTC","184.105.139.68",caaddd3ed0a315543d761490b01b08e0,443,21640,"-","GET / HTTP/1.1"
"2018-03-25 14:35:08.373 UTC","139.162.119.197",827f51bae371599533dc9207cb48f86e,443,53454,,
"2018-03-25 14:35:05.120 UTC","141.212.122.48",de13f4c4d70f4211159e2360e806a742,443,45757,,
"2018-03-25 14:34:52.297 UTC","106.15.52.246",c3a6cf0bf2e690ac8e1ecf6081f17a50,992,35160,,
"2018-03-25 14:34:52.194 UTC","106.15.52.246",c3a6cf0bf2e690ac8e1ecf6081f17a50,992,52028,,
"2018-03-25 14:33:13.116 UTC","47.94.52.159",c3a6cf0bf2e690ac8e1ecf6081f17a50,992,41122,,
"2018-03-25 14:10:04.093 UTC","184.105.139.69",22aa2bdb630c59d5ff64a34017e418c4,443,39076,"-","GET / HTTP/1.1"
"2018-03-25 14:09:36.597 UTC","184.105.139.69",44609cef6ec7084c37c59c6317edb271,443,23238,"-","GET / HTTP/1.1"
"2018-03-25 14:08:02.387 UTC","184.105.139.67",22aa2bdb630c59d5ff64a34017e418c4,443,35658,"-","GET / HTTP/1.1"
"2018-03-25 14:07:36.223 UTC","184.105.139.67",44609cef6ec7084c37c59c6317edb271,443,28792,"-","GET / HTTP/1.1"
"2018-03-25 14:06:36.636 UTC","184.105.139.69",caaddd3ed0a315543d761490b01b08e0,443,52830,"-","GET / HTTP/1.1"
"2018-03-25 14:05:02.747 UTC","184.105.139.67",caaddd3ed0a315543d761490b01b08e0,443,47238,"-","GET / HTTP/1.1"
"2018-03-25 14:01:12.764 UTC","47.93.180.168",c3a6cf0bf2e690ac8e1ecf6081f17a50,992,50732,,
"2018-03-25 14:01:11.359 UTC","47.93.180.168",c3a6cf0bf2e690ac8e1ecf6081f17a50,992,35154,,
"2018-03-25 14:01:11.039 UTC","47.93.180.168",c3a6cf0bf2e690ac8e1ecf6081f17a50,992,50818,,
"2018-03-25 13:54:52.720 UTC","216.218.206.66",22aa2bdb630c59d5ff64a34017e418c4,443,14834,"-","GET / HTTP/1.1"
"2018-03-25 13:54:25.760 UTC","216.218.206.66",44609cef6ec7084c37c59c6317edb271,443,62924,"-","GET / HTTP/1.1"
"2018-03-25 13:53:17.720 UTC","216.218.206.66",caaddd3ed0a315543d761490b01b08e0,443,43726,"-","GET / HTTP/1.1"
"2018-03-25 13:42:51.171 UTC","74.82.47.5",22aa2bdb630c59d5ff64a34017e418c4,443,51544,"-","GET / HTTP/1.1"
"2018-03-25 13:42:24.235 UTC","74.82.47.5",44609cef6ec7084c37c59c6317edb271,443,35838,"-","GET / HTTP/1.1"
"2018-03-25 13:41:09.191 UTC","74.82.47.5",caaddd3ed0a315543d761490b01b08e0,443,6546,"-","GET / HTTP/1.1"
"2018-03-25 13:38:27.457 UTC","184.105.139.67",22aa2bdb630c59d5ff64a34017e418c4,443,37820,,
"2018-03-25 13:38:00.621 UTC","184.105.139.67",44609cef6ec7084c37c59c6317edb271,443,32184,,
"2018-03-25 13:35:17.171 UTC","46.161.55.108",9893a7df786b1a33fb27c691e770b496,443,48666,"python-requests/2.18.4","GET /_asterisk/ HTTP/1.1"
"2018-03-25 13:35:13.046 UTC","46.161.55.108",9893a7df786b1a33fb27c691e770b496,443,48982,"python-requests/2.18.4","GET /_asterisk/ HTTP/1.1"
"2018-03-25 13:34:50.063 UTC","46.161.55.108",9893a7df786b1a33fb27c691e770b496,443,33790,"python-requests/2.18.4","GET /_asterisk/ HTTP/1.1"
"2018-03-25 13:34:44.187 UTC","184.105.247.252",caaddd3ed0a315543d761490b01b08e0,443,43864,,
"2018-03-25 13:34:25.171 UTC","46.161.55.108",9893a7df786b1a33fb27c691e770b496,443,50252,"python-requests/2.18.4","GET /_asterisk/ HTTP/1.1"
"2018-03-25 13:34:18.624 UTC","46.161.55.108",9893a7df786b1a33fb27c691e770b496,443,43820,"python-requests/2.18.4","GET /_asterisk/ HTTP/1.1"
"2018-03-25 13:34:16.834 UTC","46.161.55.108",9893a7df786b1a33fb27c691e770b496,443,33826,"python-requests/2.18.4","GET /_asterisk/ HTTP/1.1"
"2018-03-25 13:34:15.609 UTC","46.161.55.108",9893a7df786b1a33fb27c691e770b496,443,42952,"python-requests/2.18.4","GET /_asterisk/ HTTP/1.1"
"2018-03-25 13:33:14.207 UTC","46.161.55.108",9893a7df786b1a33fb27c691e770b496,443,52254,"python-requests/2.18.4","GET /_asterisk/ HTTP/1.1"
"2018-03-25 13:31:43.855 UTC","74.82.47.5",22aa2bdb630c59d5ff64a34017e418c4,443,45094,,
"2018-03-25 13:31:16.771 UTC","74.82.47.5",44609cef6ec7084c37c59c6317edb271,443,31564,,
"2018-03-25 13:25:50.473 UTC","185.40.4.99",21a7dd3d178d70c404dc6e9ecc21989e,443,59614,,
"2018-03-25 13:25:49.613 UTC","185.40.4.99",21a7dd3d178d70c404dc6e9ecc21989e,443,47534,"curl/7.29.0","GET //cgi-bin/webcm?getpage=../html/menus/menu2.html&var:lang=%26%20allcfgconv%20-C%20voip%20-c%20-o%20-%20../../../../../var/tmp/voip.cfg%20%26 HTTP/1.1"
"2018-03-25 13:06:10.112 UTC","184.105.247.196",22aa2bdb630c59d5ff64a34017e418c4,443,62012,"-","GET / HTTP/1.1"
"2018-03-25 13:05:51.852 UTC","141.212.122.48",de13f4c4d70f4211159e2360e806a742,443,21874,,
"2018-03-25 13:05:43.104 UTC","184.105.247.196",44609cef6ec7084c37c59c6317edb271,443,48084,"-","GET / HTTP/1.1"
"2018-03-25 13:05:02.108 UTC","184.105.247.196",caaddd3ed0a315543d761490b01b08e0,443,16536,"-","GET / HTTP/1.1"
"2018-03-25 13:01:34.104 UTC","82.221.105.7",75906fafb27d0faa2413b394b11ad299,636,47247,"-","0\x0C\x02\x01\x01`\x07\x02\x01\x02\x04\x00\x80\x00"
"2018-03-25 13:01:32.431 UTC","82.221.105.7",75906fafb27d0faa2413b394b11ad299,636,47104,"-","0\x0C\x02\x01\x01`\x07\x02\x01\x02\x04\x00\x80\x00"
"2018-03-25 13:01:31.100 UTC","82.221.105.7",865e4305a503dc51f83a3c6b6da9fdcf,636,46903,"-","0\x0C\x02\x01\x01`\x07\x02\x01\x02\x04\x00\x80\x00"
"2018-03-25 13:01:27.448 UTC","82.221.105.7",5c6742b9d3940f70850ee675a5fdb1f0,636,46737,"-","0\x0C\x02\x01\x01`\x07\x02\x01\x02\x04\x00\x80\x00"
"2018-03-25 13:01:25.100 UTC","82.221.105.7",bb4c15a90e93a25ddc16274395bce4c6,636,46472,"-","0\x0C\x02\x01\x01`\x07\x02\x01\x02\x04\x00\x80\x00"
"2018-03-25 13:01:23.452 UTC","82.221.105.7",3b5bebab6ece7e84c4aad07ff206ca7c,636,46348,"-","0\x0C\x02\x01\x01`\x07\x02\x01\x02\x04\x00\x80\x00"
"2018-03-25 13:01:21.492 UTC","82.221.105.7",c369db2c355ad05c76f5660af3179b01,636,46214,"-","0\x0C\x02\x01\x01`\x07\x02\x01\x02\x04\x00\x80\x00"
"2018-03-25 13:01:20.100 UTC","82.221.105.7",0485b90482d15acc0b6f51434b0fab97,636,46048,"-","0\x0C\x02\x01\x01`\x07\x02\x01\x02\x04\x00\x80\x00"
"2018-03-25 13:01:18.452 UTC","82.221.105.7",d6c3b0c473705d1ba16c927c31856bb1,636,45896,"-","0\x0C\x02\x01\x01`\x07\x02\x01\x02\x04\x00\x80\x00"
"2018-03-25 13:01:16.436 UTC","82.221.105.7",96bbbb242c187cedfc9cc89e5335501a,636,45733,"-","0\x0C\x02\x01\x01`\x07\x02\x01\x02\x04\x00\x80\x00"
"2018-03-25 13:01:14.432 UTC","82.221.105.7",0b63812a99e66c82a20d30c3b9ba6e06,636,45575,"-","0\x0C\x02\x01\x01`\x07\x02\x01\x02\x04\x00\x80\x00"
"2018-03-25 13:01:11.483 UTC","82.221.105.7",c369db2c355ad05c76f5660af3179b01,636,45287,"-","0\x0C\x02\x01\x01`\x07\x02\x01\x02\x04\x00\x80\x00"
"2018-03-25 13:01:09.100 UTC","82.221.105.7",330ed8deb9b34592442c3bb392ee0926,636,45105,"-","0\x0C\x02\x01\x01`\x07\x02\x01\x02\x04\x00\x80\x00"
"2018-03-25 12:54:38.133 UTC","46.161.55.108",9893a7df786b1a33fb27c691e770b496,443,35216,"python-requests/2.18.4","GET /_asterisk/ HTTP/1.1"
"2018-03-25 12:52:17.696 UTC","71.6.202.204",20c9baf81bfe96ff89722899e75d0190,443,59498,"Mozilla/5.0 (Windows NT 10.0; WOW64) AppleWebKit/537.36 (KHTML, like Gecko) Chrome/63.0.3239.132 Safari/537.36","GET / HTTP/1.1"
"2018-03-25 12:50:34.327 UTC","113.197.12.194",dbd2416e97bd353a7e1fba839e3a852e,443,45560,"-","\x8D\x80\xD0c\xA5&\xC1F\xC1\xB1\xA7\xDE(\xD3\x10C\xE1\xD6-\xB2"
"2018-03-25 12:50:34.327 UTC","113.197.12.194",dbd2416e97bd353a7e1fba839e3a852e,443,45558,"-","\x8D\x80\xD0c\xA5&\xC1F\xC1\xB1\xA7\xDE(\xD3\x10C\xE1\xD6-\xB2"
"2018-03-25 12:50:32.335 UTC","113.197.12.194",dbd2416e97bd353a7e1fba839e3a852e,443,45536,"-","\x8D\x80\xD0c\xA5&\xC1F\xC1\xB1\xA7\xDE(\xD3\x10C\xE1\xD6-\xB2"
"2018-03-25 12:50:23.171 UTC","113.197.12.194",dbd2416e97bd353a7e1fba839e3a852e,443,45485,"-","\x8D\x80\xD0c\xA5&\xC1F\xC1\xB1\xA7\xDE(\xD3\x10C\xE1\xD6-\xB2"
"2018-03-25 12:38:28.180 UTC","216.218.206.66",22aa2bdb630c59d5ff64a34017e418c4,443,6016,"-","GET / HTTP/1.1"
"2018-03-25 12:38:00.288 UTC","216.218.206.66",44609cef6ec7084c37c59c6317edb271,443,54510,"-","GET / HTTP/1.1"
"2018-03-25 12:36:38.328 UTC","216.218.206.66",caaddd3ed0a315543d761490b01b08e0,443,1778,"-","GET / HTTP/1.1"
"2018-03-25 12:18:30.171 UTC","93.159.230.88",c1a36e1a870786cc75edddc0009eaf3a,443,58503,"Mozilla/5.0 (Windows NT 10.0; WOW64) AppleWebKit/537.36 (KHTML, like Gecko) Chrome/54.0.2840.99 Safari/537.36","GET / HTTP/1.1"
"2018-03-25 11:36:15.276 UTC","67.21.36.2",20c9baf81bfe96ff89722899e75d0190,443,53468,"Mozilla/5.0 zgrab/0.x","GET /robots.txt HTTP/1.1"
"2018-03-25 11:29:06.521 UTC","122.114.243.74",c8a0d08d2cbee4bed7cd90e47588ab9b,443,2280,,
"2018-03-25 11:29:05.777 UTC","122.114.243.74",c8a0d08d2cbee4bed7cd90e47588ab9b,443,2258,,
"2018-03-25 11:29:04.561 UTC","122.114.243.74",c8a0d08d2cbee4bed7cd90e47588ab9b,443,1891,,
"2018-03-25 11:29:03.617 UTC","122.114.243.74",c8a0d08d2cbee4bed7cd90e47588ab9b,443,1738,,
"2018-03-25 11:28:40.050 UTC","122.114.243.74",c8a0d08d2cbee4bed7cd90e47588ab9b,443,2877,,
"2018-03-25 11:28:39.051 UTC","122.114.243.74",c8a0d08d2cbee4bed7cd90e47588ab9b,443,2580,,
"2018-03-25 11:28:37.327 UTC","122.114.243.74",c8a0d08d2cbee4bed7cd90e47588ab9b,443,2373,,
"2018-03-25 11:28:36.323 UTC","122.114.243.74",c8a0d08d2cbee4bed7cd90e47588ab9b,443,2318,,
"2018-03-25 11:17:31.363 UTC","71.6.202.204",20c9baf81bfe96ff89722899e75d0190,443,36432,"Mozilla/5.0 (Windows NT 10.0; WOW64) AppleWebKit/537.36 (KHTML, like Gecko) Chrome/63.0.3239.132 Safari/537.36","GET / HTTP/1.1"
"2018-03-25 11:06:16.752 UTC","139.162.78.135",c3a6cf0bf2e690ac8e1ecf6081f17a50,443,45772,"Mozilla/5.0 (Windows NT 10.0; WOW64) AppleWebKit/537.36 (KHTML, like Gecko) Chrome/45.0.2454.101 Safari/537.36","GET / HTTP/1.1"
"2018-03-25 10:57:10.104 UTC","24.96.70.112",1210e9cee1b3fd47fd69ac2f11ef8f85,443,53494,"Mozilla/5.0 (Windows NT 6.3; WOW64; Trident/7.0; rv:11.0) like Gecko","POST / HTTP/1.1"
"2018-03-25 10:55:27.331 UTC","113.197.12.194",1f4603ab5bbdcb0ef9e7f9e0e8c8b020,443,34323,"-","\x8D\x80\xD0c\xA5&\xC1F\xC1\xB1\xA7\xDE(\xD3\x10C\xE1\xD6-\xB2"
"2018-03-25 10:55:25.343 UTC","113.197.12.194",dbd2416e97bd353a7e1fba839e3a852e,443,34301,"-","\x8D\x80\xD0c\xA5&\xC1F\xC1\xB1\xA7\xDE(\xD3\x10C\xE1\xD6-\xB2"
"2018-03-25 10:55:25.343 UTC","113.197.12.194",1f4603ab5bbdcb0ef9e7f9e0e8c8b020,443,34311,"-","\x8D\x80\xD0c\xA5&\xC1F\xC1\xB1\xA7\xDE(\xD3\x10C\xE1\xD6-\xB2"
"2018-03-25 10:55:25.343 UTC","113.197.12.194",1f4603ab5bbdcb0ef9e7f9e0e8c8b020,443,34307,"-","\x8D\x80\xD0c\xA5&\xC1F\xC1\xB1\xA7\xDE(\xD3\x10C\xE1\xD6-\xB2"
"2018-03-25 10:55:08.100 UTC","24.96.70.112",1210e9cee1b3fd47fd69ac2f11ef8f85,443,53471,"Mozilla/5.0 (Windows NT 6.3; WOW64; Trident/7.0; rv:11.0) like Gecko","POST / HTTP/1.1"
"2018-03-25 10:54:00.231 UTC","71.6.202.204",20c9baf81bfe96ff89722899e75d0190,443,35678,"Mozilla/5.0 (Windows NT 10.0; WOW64) AppleWebKit/537.36 (KHTML, like Gecko) Chrome/63.0.3239.132 Safari/537.36","GET / HTTP/1.1"
"2018-03-25 10:53:07.100 UTC","24.96.70.112",1210e9cee1b3fd47fd69ac2f11ef8f85,443,53418,"Mozilla/5.0 (Windows NT 6.3; WOW64; Trident/7.0; rv:11.0) like Gecko","POST / HTTP/1.1"
"2018-03-25 10:51:05.352 UTC","24.96.70.112",1210e9cee1b3fd47fd69ac2f11ef8f85,443,53393,"Mozilla/5.0 (Windows NT 6.3; WOW64; Trident/7.0; rv:11.0) like Gecko","POST / HTTP/1.1"
"2018-03-25 10:49:03.336 UTC","24.96.70.112",1210e9cee1b3fd47fd69ac2f11ef8f85,443,53361,"Mozilla/5.0 (Windows NT 6.3; WOW64; Trident/7.0; rv:11.0) like Gecko","POST / HTTP/1.1"
"2018-03-25 10:47:30.372 UTC","106.11.227.234",4cb30c32ef107c2e6f2c47bc94dc1c8b,443,25876,,
"2018-03-25 10:47:02.100 UTC","24.96.70.112",1210e9cee1b3fd47fd69ac2f11ef8f85,443,53329,"Mozilla/5.0 (Windows NT 6.3; WOW64; Trident/7.0; rv:11.0) like Gecko","POST / HTTP/1.1"
"2018-03-25 10:45:00.592 UTC","24.96.70.112",1210e9cee1b3fd47fd69ac2f11ef8f85,443,53299,"Mozilla/5.0 (Windows NT 6.3; WOW64; Trident/7.0; rv:11.0) like Gecko","POST / HTTP/1.1"
"2018-03-25 10:42:59.107 UTC","24.96.70.112",1210e9cee1b3fd47fd69ac2f11ef8f85,443,53268,"Mozilla/5.0 (Windows NT 6.3; WOW64; Trident/7.0; rv:11.0) like Gecko","POST / HTTP/1.1"
"2018-03-25 10:40:57.368 UTC","24.96.70.112",1210e9cee1b3fd47fd69ac2f11ef8f85,443,53240,"Mozilla/5.0 (Windows NT 6.3; WOW64; Trident/7.0; rv:11.0) like Gecko","POST / HTTP/1.1"
"2018-03-25 10:38:56.112 UTC","24.96.70.112",1210e9cee1b3fd47fd69ac2f11ef8f85,443,53209,"Mozilla/5.0 (Windows NT 6.3; WOW64; Trident/7.0; rv:11.0) like Gecko","POST / HTTP/1.1"
"2018-03-25 10:36:54.108 UTC","24.96.70.112",1210e9cee1b3fd47fd69ac2f11ef8f85,443,53171,"Mozilla/5.0 (Windows NT 6.3; WOW64; Trident/7.0; rv:11.0) like Gecko","POST / HTTP/1.1"
"2018-03-25 10:34:52.644 UTC","24.96.70.112",1210e9cee1b3fd47fd69ac2f11ef8f85,443,53140,"Mozilla/5.0 (Windows NT 6.3; WOW64; Trident/7.0; rv:11.0) like Gecko","POST / HTTP/1.1"
"2018-03-25 10:32:51.639 UTC","24.96.70.112",1210e9cee1b3fd47fd69ac2f11ef8f85,443,53108,"Mozilla/5.0 (Windows NT 6.3; WOW64; Trident/7.0; rv:11.0) like Gecko","POST / HTTP/1.1"
"2018-03-25 10:30:50.100 UTC","24.96.70.112",1210e9cee1b3fd47fd69ac2f11ef8f85,443,53081,"Mozilla/5.0 (Windows NT 6.3; WOW64; Trident/7.0; rv:11.0) like Gecko","POST / HTTP/1.1"
"2018-03-25 10:28:48.412 UTC","24.96.70.112",1210e9cee1b3fd47fd69ac2f11ef8f85,443,53051,"Mozilla/5.0 (Windows NT 6.3; WOW64; Trident/7.0; rv:11.0) like Gecko","POST / HTTP/1.1"
"2018-03-25 10:26:47.100 UTC","24.96.70.112",1210e9cee1b3fd47fd69ac2f11ef8f85,443,53020,"Mozilla/5.0 (Windows NT 6.3; WOW64; Trident/7.0; rv:11.0) like Gecko","POST / HTTP/1.1"
"2018-03-25 10:24:45.600 UTC","24.96.70.112",1210e9cee1b3fd47fd69ac2f11ef8f85,443,52985,"Mozilla/5.0 (Windows NT 6.3; WOW64; Trident/7.0; rv:11.0) like Gecko","POST / HTTP/1.1"
"2018-03-25 10:22:44.592 UTC","24.96.70.112",1210e9cee1b3fd47fd69ac2f11ef8f85,443,52951,"Mozilla/5.0 (Windows NT 6.3; WOW64; Trident/7.0; rv:11.0) like Gecko","POST / HTTP/1.1"
"2018-03-25 10:20:43.604 UTC","24.96.70.112",1210e9cee1b3fd47fd69ac2f11ef8f85,443,52915,"Mozilla/5.0 (Windows NT 6.3; WOW64; Trident/7.0; rv:11.0) like Gecko","POST / HTTP/1.1"
"2018-03-25 10:19:03.336 UTC","80.82.77.139",75906fafb27d0faa2413b394b11ad299,636,57962,"-","0\x0C\x02\x01\x01`\x07\x02\x01\x02\x04\x00\x80\x00"
"2018-03-25 10:19:02.324 UTC","80.82.77.139",75906fafb27d0faa2413b394b11ad299,636,57432,"-","0\x0C\x02\x01\x01`\x07\x02\x01\x02\x04\x00\x80\x00"
"2018-03-25 10:19:01.188 UTC","80.82.77.139",865e4305a503dc51f83a3c6b6da9fdcf,636,55904,"-","0\x0C\x02\x01\x01`\x07\x02\x01\x02\x04\x00\x80\x00"
"2018-03-25 10:18:58.352 UTC","80.82.77.139",5c6742b9d3940f70850ee675a5fdb1f0,636,54438,"-","0\x0C\x02\x01\x01`\x07\x02\x01\x02\x04\x00\x80\x00"
"2018-03-25 10:18:55.180 UTC","80.82.77.139",bb4c15a90e93a25ddc16274395bce4c6,636,52018,"-","0\x0C\x02\x01\x01`\x07\x02\x01\x02\x04\x00\x80\x00"
"2018-03-25 10:18:54.344 UTC","80.82.77.139",3b5bebab6ece7e84c4aad07ff206ca7c,636,51486,"-","0\x0C\x02\x01\x01`\x07\x02\x01\x02\x04\x00\x80\x00"
"2018-03-25 10:18:53.380 UTC","80.82.77.139",c369db2c355ad05c76f5660af3179b01,636,50932,"-","0\x0C\x02\x01\x01`\x07\x02\x01\x02\x04\x00\x80\x00"
"2018-03-25 10:18:52.351 UTC","80.82.77.139",0485b90482d15acc0b6f51434b0fab97,636,50046,"-","0\x0C\x02\x01\x01`\x07\x02\x01\x02\x04\x00\x80\x00"
"2018-03-25 10:18:51.332 UTC","80.82.77.139",d6c3b0c473705d1ba16c927c31856bb1,636,49352,"-","0\x0C\x02\x01\x01`\x07\x02\x01\x02\x04\x00\x80\x00"
"2018-03-25 10:18:50.348 UTC","80.82.77.139",96bbbb242c187cedfc9cc89e5335501a,636,48758,"-","0\x0C\x02\x01\x01`\x07\x02\x01\x02\x04\x00\x80\x00"
"2018-03-25 10:18:49.328 UTC","80.82.77.139",0b63812a99e66c82a20d30c3b9ba6e06,636,48126,"-","0\x0C\x02\x01\x01`\x07\x02\x01\x02\x04\x00\x80\x00"
"2018-03-25 10:18:48.336 UTC","80.82.77.139",c369db2c355ad05c76f5660af3179b01,636,47480,"-","0\x0C\x02\x01\x01`\x07\x02\x01\x02\x04\x00\x80\x00"
"2018-03-25 10:18:47.176 UTC","80.82.77.139",330ed8deb9b34592442c3bb392ee0926,636,46612,"-","0\x0C\x02\x01\x01`\x07\x02\x01\x02\x04\x00\x80\x00"
"2018-03-25 10:18:42.100 UTC","24.96.70.112",1210e9cee1b3fd47fd69ac2f11ef8f85,443,52883,"Mozilla/5.0 (Windows NT 6.3; WOW64; Trident/7.0; rv:11.0) like Gecko","POST / HTTP/1.1"
"2018-03-25 10:17:00.889 UTC","173.255.244.48",35870f79de73879aa5d4929e9703dcec,443,34598,,
"2018-03-25 10:16:40.620 UTC","24.96.70.112",1210e9cee1b3fd47fd69ac2f11ef8f85,443,52851,"Mozilla/5.0 (Windows NT 6.3; WOW64; Trident/7.0; rv:11.0) like Gecko","POST / HTTP/1.1"
"2018-03-25 10:14:39.352 UTC","24.96.70.112",1210e9cee1b3fd47fd69ac2f11ef8f85,443,52822,"Mozilla/5.0 (Windows NT 6.3; WOW64; Trident/7.0; rv:11.0) like Gecko","POST / HTTP/1.1"
"2018-03-25 10:12:37.608 UTC","24.96.70.112",1210e9cee1b3fd47fd69ac2f11ef8f85,443,52789,"Mozilla/5.0 (Windows NT 6.3; WOW64; Trident/7.0; rv:11.0) like Gecko","POST / HTTP/1.1"
"2018-03-25 10:10:36.364 UTC","24.96.70.112",1210e9cee1b3fd47fd69ac2f11ef8f85,443,52759,"Mozilla/5.0 (Windows NT 6.3; WOW64; Trident/7.0; rv:11.0) like Gecko","POST / HTTP/1.1"
"2018-03-25 10:08:35.108 UTC","24.96.70.112",1210e9cee1b3fd47fd69ac2f11ef8f85,443,52720,"Mozilla/5.0 (Windows NT 6.3; WOW64; Trident/7.0; rv:11.0) like Gecko","POST / HTTP/1.1"
"2018-03-25 10:06:33.108 UTC","24.96.70.112",1210e9cee1b3fd47fd69ac2f11ef8f85,443,52685,"Mozilla/5.0 (Windows NT 6.3; WOW64; Trident/7.0; rv:11.0) like Gecko","POST / HTTP/1.1"
"2018-03-25 10:04:31.376 UTC","24.96.70.112",1210e9cee1b3fd47fd69ac2f11ef8f85,443,52655,"Mozilla/5.0 (Windows NT 6.3; WOW64; Trident/7.0; rv:11.0) like Gecko","POST / HTTP/1.1"
"2018-03-25 10:02:30.100 UTC","24.96.70.112",1210e9cee1b3fd47fd69ac2f11ef8f85,443,52622,"Mozilla/5.0 (Windows NT 6.3; WOW64; Trident/7.0; rv:11.0) like Gecko","POST / HTTP/1.1"
"2018-03-25 10:00:28.343 UTC","24.96.70.112",1210e9cee1b3fd47fd69ac2f11ef8f85,443,52591,"Mozilla/5.0 (Windows NT 6.3; WOW64; Trident/7.0; rv:11.0) like Gecko","POST / HTTP/1.1"
"2018-03-25 09:58:27.352 UTC","24.96.70.112",1210e9cee1b3fd47fd69ac2f11ef8f85,443,52557,"Mozilla/5.0 (Windows NT 6.3; WOW64; Trident/7.0; rv:11.0) like Gecko","POST / HTTP/1.1"
"2018-03-25 09:56:26.100 UTC","24.96.70.112",1210e9cee1b3fd47fd69ac2f11ef8f85,443,52527,"Mozilla/5.0 (Windows NT 6.3; WOW64; Trident/7.0; rv:11.0) like Gecko","POST / HTTP/1.1"
"2018-03-25 09:54:34.274 UTC","141.212.122.48",de13f4c4d70f4211159e2360e806a742,443,39167,,
"2018-03-25 09:54:24.100 UTC","24.96.70.112",1210e9cee1b3fd47fd69ac2f11ef8f85,443,52490,"Mozilla/5.0 (Windows NT 6.3; WOW64; Trident/7.0; rv:11.0) like Gecko","POST / HTTP/1.1"
"2018-03-25 09:52:22.356 UTC","24.96.70.112",1210e9cee1b3fd47fd69ac2f11ef8f85,443,52462,"Mozilla/5.0 (Windows NT 6.3; WOW64; Trident/7.0; rv:11.0) like Gecko","POST / HTTP/1.1"
"2018-03-25 09:50:21.120 UTC","24.96.70.112",1210e9cee1b3fd47fd69ac2f11ef8f85,443,52432,"Mozilla/5.0 (Windows NT 6.3; WOW64; Trident/7.0; rv:11.0) like Gecko","POST / HTTP/1.1"
"2018-03-25 09:48:19.592 UTC","24.96.70.112",1210e9cee1b3fd47fd69ac2f11ef8f85,443,52400,"Mozilla/5.0 (Windows NT 6.3; WOW64; Trident/7.0; rv:11.0) like Gecko","POST / HTTP/1.1"
"2018-03-25 09:46:18.652 UTC","24.96.70.112",1210e9cee1b3fd47fd69ac2f11ef8f85,443,52371,"Mozilla/5.0 (Windows NT 6.3; WOW64; Trident/7.0; rv:11.0) like Gecko","POST / HTTP/1.1"
"2018-03-25 09:44:17.664 UTC","24.96.70.112",1210e9cee1b3fd47fd69ac2f11ef8f85,443,52337,"Mozilla/5.0 (Windows NT 6.3; WOW64; Trident/7.0; rv:11.0) like Gecko","POST / HTTP/1.1"
"2018-03-25 09:42:16.372 UTC","24.96.70.112",1210e9cee1b3fd47fd69ac2f11ef8f85,443,52306,"Mozilla/5.0 (Windows NT 6.3; WOW64; Trident/7.0; rv:11.0) like Gecko","POST / HTTP/1.1"
"2018-03-25 09:40:15.100 UTC","24.96.70.112",1210e9cee1b3fd47fd69ac2f11ef8f85,443,52274,"Mozilla/5.0 (Windows NT 6.3; WOW64; Trident/7.0; rv:11.0) like Gecko","POST / HTTP/1.1"
"2018-03-25 09:38:14.108 UTC","24.96.70.112",1210e9cee1b3fd47fd69ac2f11ef8f85,443,52237,"Mozilla/5.0 (Windows NT 6.3; WOW64; Trident/7.0; rv:11.0) like Gecko","POST / HTTP/1.1"
"2018-03-25 09:36:12.100 UTC","24.96.70.112",1210e9cee1b3fd47fd69ac2f11ef8f85,443,52207,"Mozilla/5.0 (Windows NT 6.3; WOW64; Trident/7.0; rv:11.0) like Gecko","POST / HTTP/1.1"
"2018-03-25 09:34:11.100 UTC","24.96.70.112",1210e9cee1b3fd47fd69ac2f11ef8f85,443,52178,"Mozilla/5.0 (Windows NT 6.3; WOW64; Trident/7.0; rv:11.0) like Gecko","POST / HTTP/1.1"
"2018-03-25 09:32:09.584 UTC","24.96.70.112",1210e9cee1b3fd47fd69ac2f11ef8f85,443,52149,"Mozilla/5.0 (Windows NT 6.3; WOW64; Trident/7.0; rv:11.0) like Gecko","POST / HTTP/1.1"
"2018-03-25 09:30:08.104 UTC","24.96.70.112",1210e9cee1b3fd47fd69ac2f11ef8f85,443,52119,"Mozilla/5.0 (Windows NT 6.3; WOW64; Trident/7.0; rv:11.0) like Gecko","POST / HTTP/1.1"
"2018-03-25 09:28:59.175 UTC","46.161.55.108",9893a7df786b1a33fb27c691e770b496,443,56830,"python-requests/2.18.4","GET /_asterisk/ HTTP/1.1"
"2018-03-25 09:28:58.175 UTC","46.161.55.108",9893a7df786b1a33fb27c691e770b496,443,34706,"python-requests/2.18.4","GET /_asterisk/ HTTP/1.1"
"2018-03-25 09:28:57.720 UTC","46.161.55.108",9893a7df786b1a33fb27c691e770b496,443,35280,"python-requests/2.18.4","GET /_asterisk/ HTTP/1.1"
"2018-03-25 09:28:57.453 UTC","46.161.55.108",9893a7df786b1a33fb27c691e770b496,443,38294,"python-requests/2.18.4","GET /_asterisk/ HTTP/1.1"
"2018-03-25 09:28:55.108 UTC","46.161.55.108",9893a7df786b1a33fb27c691e770b496,443,33090,"python-requests/2.18.4","GET /_asterisk/ HTTP/1.1"
"2018-03-25 09:28:35.411 UTC","46.161.55.108",9893a7df786b1a33fb27c691e770b496,443,55410,"python-requests/2.18.4","GET /_asterisk/ HTTP/1.1"
"2018-03-25 09:28:06.360 UTC","24.96.70.112",1210e9cee1b3fd47fd69ac2f11ef8f85,443,52090,"Mozilla/5.0 (Windows NT 6.3; WOW64; Trident/7.0; rv:11.0) like Gecko","POST / HTTP/1.1"
"2018-03-25 09:27:42.050 UTC","46.161.55.108",9893a7df786b1a33fb27c691e770b496,443,55580,"python-requests/2.18.4","GET /_asterisk/ HTTP/1.1"
"2018-03-25 09:27:30.691 UTC","46.161.55.108",9893a7df786b1a33fb27c691e770b496,443,53142,"python-requests/2.18.4","GET /_asterisk/ HTTP/1.1"
"2018-03-25 09:27:15.688 UTC","46.161.55.108",9893a7df786b1a33fb27c691e770b496,443,38506,"python-requests/2.18.4","GET /_asterisk/ HTTP/1.1"
"2018-03-25 09:27:12.685 UTC","46.161.55.108",9893a7df786b1a33fb27c691e770b496,443,42244,"python-requests/2.18.4","GET /_asterisk/ HTTP/1.1"
"2018-03-25 09:26:05.116 UTC","24.96.70.112",1210e9cee1b3fd47fd69ac2f11ef8f85,443,52065,"Mozilla/5.0 (Windows NT 6.3; WOW64; Trident/7.0; rv:11.0) like Gecko","POST / HTTP/1.1"
"2018-03-25 09:25:48.544 UTC","46.161.55.108",9893a7df786b1a33fb27c691e770b496,443,33430,"python-requests/2.18.4","GET /_asterisk/ HTTP/1.1"
"2018-03-25 09:25:31.600 UTC","46.161.55.108",9893a7df786b1a33fb27c691e770b496,443,47068,"python-requests/2.18.4","GET /_asterisk/ HTTP/1.1"
"2018-03-25 09:24:03.100 UTC","24.96.70.112",1210e9cee1b3fd47fd69ac2f11ef8f85,443,52033,"Mozilla/5.0 (Windows NT 6.3; WOW64; Trident/7.0; rv:11.0) like Gecko","POST / HTTP/1.1"
"2018-03-25 09:22:01.344 UTC","24.96.70.112",1210e9cee1b3fd47fd69ac2f11ef8f85,443,52007,"Mozilla/5.0 (Windows NT 6.3; WOW64; Trident/7.0; rv:11.0) like Gecko","POST / HTTP/1.1"
"2018-03-25 09:20:00.100 UTC","24.96.70.112",1210e9cee1b3fd47fd69ac2f11ef8f85,443,51977,"Mozilla/5.0 (Windows NT 6.3; WOW64; Trident/7.0; rv:11.0) like Gecko","POST / HTTP/1.1"
"2018-03-25 09:17:58.336 UTC","24.96.70.112",1210e9cee1b3fd47fd69ac2f11ef8f85,443,51942,"Mozilla/5.0 (Windows NT 6.3; WOW64; Trident/7.0; rv:11.0) like Gecko","POST / HTTP/1.1"
"2018-03-25 09:15:57.348 UTC","24.96.70.112",1210e9cee1b3fd47fd69ac2f11ef8f85,443,51916,"Mozilla/5.0 (Windows NT 6.3; WOW64; Trident/7.0; rv:11.0) like Gecko","POST / HTTP/1.1"
"2018-03-25 09:14:51.183 UTC","173.255.244.48",35870f79de73879aa5d4929e9703dcec,443,46586,,
"2018-03-25 09:13:56.100 UTC","24.96.70.112",1210e9cee1b3fd47fd69ac2f11ef8f85,443,51884,"Mozilla/5.0 (Windows NT 6.3; WOW64; Trident/7.0; rv:11.0) like Gecko","POST / HTTP/1.1"
"2018-03-25 09:13:15.507 UTC","125.212.217.214",75906fafb27d0faa2413b394b11ad299,636,48164,"-","0\x0C\x02\x01\x01`\x07\x02\x01\x02\x04\x00\x80\x00"
"2018-03-25 09:13:14.358 UTC","125.212.217.214",75906fafb27d0faa2413b394b11ad299,636,47662,"-","0\x0C\x02\x01\x01`\x07\x02\x01\x02\x04\x00\x80\x00"
"2018-03-25 09:13:13.491 UTC","125.212.217.214",865e4305a503dc51f83a3c6b6da9fdcf,636,47134,"-","0\x0C\x02\x01\x01`\x07\x02\x01\x02\x04\x00\x80\x00"
"2018-03-25 09:13:11.295 UTC","125.212.217.214",5c6742b9d3940f70850ee675a5fdb1f0,636,46494,"-","0\x0C\x02\x01\x01`\x07\x02\x01\x02\x04\x00\x80\x00"
"2018-03-25 09:13:08.055 UTC","125.212.217.214",bb4c15a90e93a25ddc16274395bce4c6,636,45104,"-","0\x0C\x02\x01\x01`\x07\x02\x01\x02\x04\x00\x80\x00"
"2018-03-25 09:13:03.055 UTC","125.212.217.214",3b5bebab6ece7e84c4aad07ff206ca7c,636,42794,"-","0\x0C\x02\x01\x01`\x07\x02\x01\x02\x04\x00\x80\x00"
"2018-03-25 09:12:57.286 UTC","125.212.217.214",c369db2c355ad05c76f5660af3179b01,636,40606,"-","0\x0C\x02\x01\x01`\x07\x02\x01\x02\x04\x00\x80\x00"
"2018-03-25 09:12:54.303 UTC","125.212.217.214",0485b90482d15acc0b6f51434b0fab97,636,39350,"-","0\x0C\x02\x01\x01`\x07\x02\x01\x02\x04\x00\x80\x00"
"2018-03-25 09:12:53.251 UTC","125.212.217.214",d6c3b0c473705d1ba16c927c31856bb1,636,38866,"-","0\x0C\x02\x01\x01`\x07\x02\x01\x02\x04\x00\x80\x00"
"2018-03-25 09:12:52.055 UTC","125.212.217.214",96bbbb242c187cedfc9cc89e5335501a,636,38328,"-","0\x0C\x02\x01\x01`\x07\x02\x01\x02\x04\x00\x80\x00"
"2018-03-25 09:12:47.291 UTC","125.212.217.214",0b63812a99e66c82a20d30c3b9ba6e06,636,36736,"-","0\x0C\x02\x01\x01`\x07\x02\x01\x02\x04\x00\x80\x00"
"2018-03-25 09:12:45.070 UTC","125.212.217.214",c369db2c355ad05c76f5660af3179b01,636,35370,"-","0\x0C\x02\x01\x01`\x07\x02\x01\x02\x04\x00\x80\x00"
"2018-03-25 09:12:42.427 UTC","125.212.217.214",330ed8deb9b34592442c3bb392ee0926,636,34554,"-","0\x0C\x02\x01\x01`\x07\x02\x01\x02\x04\x00\x80\x00"
"2018-03-25 09:11:54.351 UTC","24.96.70.112",1210e9cee1b3fd47fd69ac2f11ef8f85,443,51853,"Mozilla/5.0 (Windows NT 6.3; WOW64; Trident/7.0; rv:11.0) like Gecko","POST / HTTP/1.1"
"2018-03-25 09:09:53.348 UTC","24.96.70.112",1210e9cee1b3fd47fd69ac2f11ef8f85,443,51824,"Mozilla/5.0 (Windows NT 6.3; WOW64; Trident/7.0; rv:11.0) like Gecko","POST / HTTP/1.1"
"2018-03-25 09:07:52.100 UTC","24.96.70.112",1210e9cee1b3fd47fd69ac2f11ef8f85,443,51784,"Mozilla/5.0 (Windows NT 6.3; WOW64; Trident/7.0; rv:11.0) like Gecko","POST / HTTP/1.1"
"2018-03-25 09:05:50.336 UTC","24.96.70.112",1210e9cee1b3fd47fd69ac2f11ef8f85,443,51755,"Mozilla/5.0 (Windows NT 6.3; WOW64; Trident/7.0; rv:11.0) like Gecko","POST / HTTP/1.1"
"2018-03-25 09:03:49.336 UTC","24.96.70.112",1210e9cee1b3fd47fd69ac2f11ef8f85,443,51722,"Mozilla/5.0 (Windows NT 6.3; WOW64; Trident/7.0; rv:11.0) like Gecko","POST / HTTP/1.1"
"2018-03-25 09:02:06.984 UTC","139.162.113.204",6b2355cd870327854d38780b7f3b6dc0,443,40328,"Mozilla/5.0 (Windows NT 10.0; WOW64) AppleWebKit/537.36 (KHTML, like Gecko) Chrome/50.0.2661.102 Safari/537.36","GET / HTTP/1.1"
"2018-03-25 09:01:48.112 UTC","24.96.70.112",1210e9cee1b3fd47fd69ac2f11ef8f85,443,51693,"Mozilla/5.0 (Windows NT 6.3; WOW64; Trident/7.0; rv:11.0) like Gecko","POST / HTTP/1.1"
"2018-03-25 08:59:46.120 UTC","24.96.70.112",1210e9cee1b3fd47fd69ac2f11ef8f85,443,51664,"Mozilla/5.0 (Windows NT 6.3; WOW64; Trident/7.0; rv:11.0) like Gecko","POST / HTTP/1.1"
"2018-03-25 08:57:45.104 UTC","24.96.70.112",1210e9cee1b3fd47fd69ac2f11ef8f85,443,51637,"Mozilla/5.0 (Windows NT 6.3; WOW64; Trident/7.0; rv:11.0) like Gecko","POST / HTTP/1.1"
"2018-03-25 08:56:17.567 UTC","113.197.12.194",1f4603ab5bbdcb0ef9e7f9e0e8c8b020,443,45561,"-","\x8D\x80\xD0c\xA5&\xC1F\xC1\xB1\xA7\xDE(\xD3\x10C\xE1\xD6-\xB2"
"2018-03-25 08:56:17.331 UTC","113.197.12.194",1f4603ab5bbdcb0ef9e7f9e0e8c8b020,443,45552,"-","\x8D\x80\xD0c\xA5&\xC1F\xC1\xB1\xA7\xDE(\xD3\x10C\xE1\xD6-\xB2"
"2018-03-25 08:56:16.327 UTC","113.197.12.194",1f4603ab5bbdcb0ef9e7f9e0e8c8b020,443,45536,"-","\x8D\x80\xD0c\xA5&\xC1F\xC1\xB1\xA7\xDE(\xD3\x10C\xE1\xD6-\xB2"
"2018-03-25 08:56:13.327 UTC","113.197.12.194",dbd2416e97bd353a7e1fba839e3a852e,443,45506,"-","\x8D\x80\xD0c\xA5&\xC1F\xC1\xB1\xA7\xDE(\xD3\x10C\xE1\xD6-\xB2"
"2018-03-25 08:55:44.100 UTC","24.96.70.112",1210e9cee1b3fd47fd69ac2f11ef8f85,443,51608,"Mozilla/5.0 (Windows NT 6.3; WOW64; Trident/7.0; rv:11.0) like Gecko","POST / HTTP/1.1"
"2018-03-25 08:53:41.100 UTC","24.96.70.112",1210e9cee1b3fd47fd69ac2f11ef8f85,443,51571,"Mozilla/5.0 (Windows NT 6.3; WOW64; Trident/7.0; rv:11.0) like Gecko","POST / HTTP/1.1"
"2018-03-25 08:51:39.332 UTC","24.96.70.112",1210e9cee1b3fd47fd69ac2f11ef8f85,443,51533,"Mozilla/5.0 (Windows NT 6.3; WOW64; Trident/7.0; rv:11.0) like Gecko","POST / HTTP/1.1"
"2018-03-25 08:49:38.104 UTC","24.96.70.112",1210e9cee1b3fd47fd69ac2f11ef8f85,443,51505,"Mozilla/5.0 (Windows NT 6.3; WOW64; Trident/7.0; rv:11.0) like Gecko","POST / HTTP/1.1"
"2018-03-25 08:47:36.104 UTC","24.96.70.112",1210e9cee1b3fd47fd69ac2f11ef8f85,443,51476,"Mozilla/5.0 (Windows NT 6.3; WOW64; Trident/7.0; rv:11.0) like Gecko","POST / HTTP/1.1"
"2018-03-25 08:46:59.365 UTC","46.161.55.108",9893a7df786b1a33fb27c691e770b496,443,49424,"python-requests/2.18.4","GET /_asterisk/ HTTP/1.1"
"2018-03-25 08:45:34.360 UTC","24.96.70.112",1210e9cee1b3fd47fd69ac2f11ef8f85,443,51445,"Mozilla/5.0 (Windows NT 6.3; WOW64; Trident/7.0; rv:11.0) like Gecko","POST / HTTP/1.1"
"2018-03-25 08:43:33.108 UTC","24.96.70.112",1210e9cee1b3fd47fd69ac2f11ef8f85,443,51415,"Mozilla/5.0 (Windows NT 6.3; WOW64; Trident/7.0; rv:11.0) like Gecko","POST / HTTP/1.1"
"2018-03-25 08:41:31.120 UTC","24.96.70.112",1210e9cee1b3fd47fd69ac2f11ef8f85,443,51384,"Mozilla/5.0 (Windows NT 6.3; WOW64; Trident/7.0; rv:11.0) like Gecko","POST / HTTP/1.1"
"2018-03-25 08:39:29.352 UTC","24.96.70.112",1210e9cee1b3fd47fd69ac2f11ef8f85,443,51352,"Mozilla/5.0 (Windows NT 6.3; WOW64; Trident/7.0; rv:11.0) like Gecko","POST / HTTP/1.1"
"2018-03-25 08:37:28.104 UTC","24.96.70.112",1210e9cee1b3fd47fd69ac2f11ef8f85,443,51318,"Mozilla/5.0 (Windows NT 6.3; WOW64; Trident/7.0; rv:11.0) like Gecko","POST / HTTP/1.1"
"2018-03-25 08:35:26.100 UTC","24.96.70.112",1210e9cee1b3fd47fd69ac2f11ef8f85,443,51289,"Mozilla/5.0 (Windows NT 6.3; WOW64; Trident/7.0; rv:11.0) like Gecko","POST / HTTP/1.1"
"2018-03-25 08:33:24.348 UTC","24.96.70.112",1210e9cee1b3fd47fd69ac2f11ef8f85,443,51258,"Mozilla/5.0 (Windows NT 6.3; WOW64; Trident/7.0; rv:11.0) like Gecko","POST / HTTP/1.1"
"2018-03-25 08:31:23.360 UTC","24.96.70.112",1210e9cee1b3fd47fd69ac2f11ef8f85,443,51228,"Mozilla/5.0 (Windows NT 6.3; WOW64; Trident/7.0; rv:11.0) like Gecko","POST / HTTP/1.1"
"2018-03-25 08:29:21.352 UTC","24.96.70.112",1210e9cee1b3fd47fd69ac2f11ef8f85,443,51199,"Mozilla/5.0 (Windows NT 6.3; WOW64; Trident/7.0; rv:11.0) like Gecko","POST / HTTP/1.1"
"2018-03-25 08:27:20.368 UTC","24.96.70.112",1210e9cee1b3fd47fd69ac2f11ef8f85,443,51169,"Mozilla/5.0 (Windows NT 6.3; WOW64; Trident/7.0; rv:11.0) like Gecko","POST / HTTP/1.1"
"2018-03-25 08:25:19.100 UTC","24.96.70.112",1210e9cee1b3fd47fd69ac2f11ef8f85,443,51128,"Mozilla/5.0 (Windows NT 6.3; WOW64; Trident/7.0; rv:11.0) like Gecko","POST / HTTP/1.1"
"2018-03-25 08:23:17.104 UTC","24.96.70.112",1210e9cee1b3fd47fd69ac2f11ef8f85,443,51091,"Mozilla/5.0 (Windows NT 6.3; WOW64; Trident/7.0; rv:11.0) like Gecko","POST / HTTP/1.1"
"2018-03-25 08:21:51.155 UTC","137.226.113.20",d047653c8ed0782b3e0716ab12405b01,443,45870,"Mozilla/5.0 (X11; Ubuntu; Linux x86_64; rv:50.0) Gecko/20100101 Firefox/50.0","GET / HTTP/2.0"
"2018-03-25 08:21:15.620 UTC","24.96.70.112",1210e9cee1b3fd47fd69ac2f11ef8f85,443,51061,"Mozilla/5.0 (Windows NT 6.3; WOW64; Trident/7.0; rv:11.0) like Gecko","POST / HTTP/1.1"
"2018-03-25 08:19:14.340 UTC","24.96.70.112",1210e9cee1b3fd47fd69ac2f11ef8f85,443,51028,"Mozilla/5.0 (Windows NT 6.3; WOW64; Trident/7.0; rv:11.0) like Gecko","POST / HTTP/1.1"
"2018-03-25 08:17:12.584 UTC","24.96.70.112",1210e9cee1b3fd47fd69ac2f11ef8f85,443,51007,"Mozilla/5.0 (Windows NT 6.3; WOW64; Trident/7.0; rv:11.0) like Gecko","POST / HTTP/1.1"
"2018-03-25 08:15:11.336 UTC","24.96.70.112",1210e9cee1b3fd47fd69ac2f11ef8f85,443,50982,"Mozilla/5.0 (Windows NT 6.3; WOW64; Trident/7.0; rv:11.0) like Gecko","POST / HTTP/1.1"
"2018-03-25 08:13:10.104 UTC","24.96.70.112",1210e9cee1b3fd47fd69ac2f11ef8f85,443,50954,"Mozilla/5.0 (Windows NT 6.3; WOW64; Trident/7.0; rv:11.0) like Gecko","POST / HTTP/1.1"
"2018-03-25 08:11:08.100 UTC","24.96.70.112",1210e9cee1b3fd47fd69ac2f11ef8f85,443,50925,"Mozilla/5.0 (Windows NT 6.3; WOW64; Trident/7.0; rv:11.0) like Gecko","POST / HTTP/1.1"
"2018-03-25 08:09:06.368 UTC","24.96.70.112",1210e9cee1b3fd47fd69ac2f11ef8f85,443,50893,"Mozilla/5.0 (Windows NT 6.3; WOW64; Trident/7.0; rv:11.0) like Gecko","POST / HTTP/1.1"
"2018-03-25 08:07:05.104 UTC","24.96.70.112",1210e9cee1b3fd47fd69ac2f11ef8f85,443,50859,"Mozilla/5.0 (Windows NT 6.3; WOW64; Trident/7.0; rv:11.0) like Gecko","POST / HTTP/1.1"
"2018-03-25 08:05:03.108 UTC","24.96.70.112",1210e9cee1b3fd47fd69ac2f11ef8f85,443,50765,"Mozilla/5.0 (Windows NT 6.3; WOW64; Trident/7.0; rv:11.0) like Gecko","POST / HTTP/1.1"
"2018-03-25 08:03:00.340 UTC","24.96.70.112",1210e9cee1b3fd47fd69ac2f11ef8f85,443,50467,"Mozilla/5.0 (Windows NT 6.3; WOW64; Trident/7.0; rv:11.0) like Gecko","POST / HTTP/1.1"
"2018-03-25 08:00:59.104 UTC","24.96.70.112",1210e9cee1b3fd47fd69ac2f11ef8f85,443,50111,"Mozilla/5.0 (Windows NT 6.3; WOW64; Trident/7.0; rv:11.0) like Gecko","POST / HTTP/1.1"
"2018-03-25 07:58:57.100 UTC","24.96.70.112",1210e9cee1b3fd47fd69ac2f11ef8f85,443,49830,"Mozilla/5.0 (Windows NT 6.3; WOW64; Trident/7.0; rv:11.0) like Gecko","POST / HTTP/1.1"
"2018-03-25 07:49:28.191 UTC","84.129.37.185",537311380600193153c923bd4cc042bb,443,37715,,
"2018-03-25 07:49:28.191 UTC","84.129.37.185",537311380600193153c923bd4cc042bb,443,37716,,
"2018-03-25 07:30:31.940 UTC","196.52.43.66",18e9afaf91db6f8a2470e7435c2a1d6b,443,6666,,
"2018-03-25 07:29:41.613 UTC","139.162.78.135",c3a6cf0bf2e690ac8e1ecf6081f17a50,443,58232,"Mozilla/5.0 (Windows NT 10.0; WOW64) AppleWebKit/537.36 (KHTML, like Gecko) Chrome/45.0.2454.101 Safari/537.36","GET / HTTP/1.1"
"2018-03-25 07:27:02.082 UTC","141.212.122.48",de13f4c4d70f4211159e2360e806a742,443,10941,,
"2018-03-25 06:42:09.842 UTC","196.52.43.119",18e9afaf91db6f8a2470e7435c2a1d6b,443,6666,,
"2018-03-25 06:41:00.804 UTC","173.255.217.203",35870f79de73879aa5d4929e9703dcec,443,52378,,
"2018-03-25 06:38:59.592 UTC","196.52.43.64",18e9afaf91db6f8a2470e7435c2a1d6b,995,6666,,
"2018-03-25 06:26:27.295 UTC","139.162.113.204",6b2355cd870327854d38780b7f3b6dc0,443,47282,"Mozilla/5.0 (Windows NT 10.0; WOW64) AppleWebKit/537.36 (KHTML, like Gecko) Chrome/50.0.2661.102 Safari/537.36","GET / HTTP/1.1"
"2018-03-25 06:14:18.179 UTC","173.255.244.48",35870f79de73879aa5d4929e9703dcec,443,42006,,
"2018-03-25 06:12:04.455 UTC","70.42.131.170",fd6314b03413399e4f23d1524d206692,443,22942,,
"2018-03-25 06:12:04.443 UTC","70.42.131.170",fd6314b03413399e4f23d1524d206692,443,38435,,
"2018-03-25 06:12:04.319 UTC","70.42.131.170",fd6314b03413399e4f23d1524d206692,443,19414,,
"2018-03-25 06:06:51.882 UTC","106.186.113.132",6b2355cd870327854d38780b7f3b6dc0,993,48058,,
"2018-03-25 06:03:48.539 UTC","61.50.221.14",6734f37431670b3ab4292b8f60f29984,443,65063,,
"2018-03-25 06:00:22.338 UTC","202.37.114.3",839868ad711dc55bde0d37a87f14740d,443,39194,,
"2018-03-25 06:00:22.337 UTC","202.37.114.3",7bb7e72da0c86b6e9e0adb12d3fd6cc9,443,16826,,
"2018-03-25 06:00:22.337 UTC","202.37.114.3",7bb7e72da0c86b6e9e0adb12d3fd6cc9,443,43958,,
"2018-03-25 06:00:22.337 UTC","202.37.114.3",7bb7e72da0c86b6e9e0adb12d3fd6cc9,443,56667,,
"2018-03-25 05:53:20.740 UTC","173.255.217.203",35870f79de73879aa5d4929e9703dcec,443,46110,,
"2018-03-25 05:52:04.176 UTC","173.255.244.48",35870f79de73879aa5d4929e9703dcec,443,56672,,
"2018-03-25 05:51:25.386 UTC","196.52.43.86",18e9afaf91db6f8a2470e7435c2a1d6b,993,6666,,
"2018-03-25 05:46:14.592 UTC","196.52.43.66",18e9afaf91db6f8a2470e7435c2a1d6b,990,6666,,
"2018-03-25 05:40:21.240 UTC","122.114.243.172",c8a0d08d2cbee4bed7cd90e47588ab9b,443,2195,,
"2018-03-25 05:40:21.100 UTC","122.114.243.172",c8a0d08d2cbee4bed7cd90e47588ab9b,443,2142,,
"2018-03-25 05:40:19.688 UTC","122.114.243.172",c8a0d08d2cbee4bed7cd90e47588ab9b,443,2007,,
"2018-03-25 05:40:16.805 UTC","139.162.119.197",827f51bae371599533dc9207cb48f86e,443,34696,,
"2018-03-25 05:25:56.335 UTC","104.130.124.209",b7631b4d57303158891f6eefac0a24c8,443,45289,,
"2018-03-25 05:21:00.420 UTC","82.221.105.6",cba7f34191ef2379c1325641f6c6c4f4,443,39906,"-",quit
"2018-03-25 05:20:58.440 UTC","82.221.105.6",bb4c15a90e93a25ddc16274395bce4c6,443,39768,"-",quit
"2018-03-25 05:20:57.433 UTC","82.221.105.6",3b5bebab6ece7e84c4aad07ff206ca7c,443,39653,"-",quit
"2018-03-25 05:20:55.569 UTC","82.221.105.6",c369db2c355ad05c76f5660af3179b01,443,39536,"-",quit
"2018-03-25 05:20:54.449 UTC","82.221.105.6",0485b90482d15acc0b6f51434b0fab97,443,39417,"-",quit
"2018-03-25 05:20:53.449 UTC","82.221.105.6",d6c3b0c473705d1ba16c927c31856bb1,443,39295,"-",quit
"2018-03-25 05:20:52.529 UTC","82.221.105.6",96bbbb242c187cedfc9cc89e5335501a,443,39270,"-",quit
"2018-03-25 05:20:51.429 UTC","82.221.105.6",0b63812a99e66c82a20d30c3b9ba6e06,443,39206,"-",quit
"2018-03-25 05:20:50.265 UTC","82.221.105.6",c369db2c355ad05c76f5660af3179b01,443,39138,"-",quit
"2018-03-25 05:20:47.429 UTC","82.221.105.6",fdff1ef845c3cd6bee2701276cd1a1d8,443,38988,"-",quit
"2018-03-25 05:19:38.896 UTC","100.12.9.204",54495a1b50c48a9351febf6a25dcde0b,443,59439,,
"2018-03-25 05:17:29.561 UTC","139.162.119.197",827f51bae371599533dc9207cb48f86e,443,38244,,
"2018-03-25 05:16:10.234 UTC","46.161.55.108",9893a7df786b1a33fb27c691e770b496,443,50478,"python-requests/2.18.4","GET /_asterisk/ HTTP/1.1"
"2018-03-25 05:15:36.072 UTC","46.161.55.108",9893a7df786b1a33fb27c691e770b496,443,59310,"python-requests/2.18.4","GET /_asterisk/ HTTP/1.1"
"2018-03-25 05:15:15.360 UTC","82.221.105.6",8c6d35fb49cb06738417d6ed1794fadb,443,40837,"-",quit
"2018-03-25 05:13:47.099 UTC","46.161.55.108",9893a7df786b1a33fb27c691e770b496,443,55690,"python-requests/2.18.4","GET /_asterisk/ HTTP/1.1"
"2018-03-25 05:13:46.950 UTC","46.161.55.108",9893a7df786b1a33fb27c691e770b496,443,59846,"python-requests/2.18.4","GET /_asterisk/ HTTP/1.1"
"2018-03-25 05:13:30.703 UTC","46.161.55.108",9893a7df786b1a33fb27c691e770b496,443,60494,"python-requests/2.18.4","GET /_asterisk/ HTTP/1.1"
"2018-03-25 05:13:25.964 UTC","46.161.55.108",9893a7df786b1a33fb27c691e770b496,443,56634,"python-requests/2.18.4","GET /_asterisk/ HTTP/1.1"
"2018-03-25 05:13:24.195 UTC","46.161.55.108",9893a7df786b1a33fb27c691e770b496,443,50866,"python-requests/2.18.4","GET /_asterisk/ HTTP/1.1"
"2018-03-25 05:13:20.179 UTC","46.161.55.108",9893a7df786b1a33fb27c691e770b496,443,51570,"python-requests/2.18.4","GET /_asterisk/ HTTP/1.1"
"2018-03-25 05:13:05.556 UTC","46.161.55.108",9893a7df786b1a33fb27c691e770b496,443,40130,"python-requests/2.18.4","GET /_asterisk/ HTTP/1.1"
"2018-03-25 05:12:17.176 UTC","46.161.55.108",9893a7df786b1a33fb27c691e770b496,443,42336,"python-requests/2.18.4","GET /_asterisk/ HTTP/1.1"
"2018-03-25 05:12:15.611 UTC","46.161.55.108",9893a7df786b1a33fb27c691e770b496,443,44708,"python-requests/2.18.4","GET /_asterisk/ HTTP/1.1"
"2018-03-25 05:08:28.996 UTC","67.21.36.2",20c9baf81bfe96ff89722899e75d0190,443,36098,"Mozilla/5.0 zgrab/0.x","GET /robots.txt HTTP/1.1"
"2018-03-25 05:05:41.053 UTC","66.175.220.5",35870f79de73879aa5d4929e9703dcec,443,49398,,
"2018-03-25 05:04:42.485 UTC","66.175.220.5",35870f79de73879aa5d4929e9703dcec,443,38824,,
"2018-03-25 05:03:12.377 UTC","71.6.202.204",20c9baf81bfe96ff89722899e75d0190,443,40884,"Mozilla/5.0 (Windows NT 10.0; WOW64) AppleWebKit/537.36 (KHTML, like Gecko) Chrome/63.0.3239.132 Safari/537.36","GET / HTTP/1.1"
"2018-03-25 04:51:50.726 UTC","71.6.202.204",20c9baf81bfe96ff89722899e75d0190,443,43256,"Mozilla/5.0 (Windows NT 10.0; WOW64) AppleWebKit/537.36 (KHTML, like Gecko) Chrome/63.0.3239.132 Safari/537.36","GET / HTTP/1.1"
"2018-03-25 04:46:35.704 UTC","196.52.43.56",18e9afaf91db6f8a2470e7435c2a1d6b,993,6666,,
"2018-03-25 04:35:25.677 UTC","46.161.55.108",9893a7df786b1a33fb27c691e770b496,443,50666,"python-requests/2.18.4","GET /_asterisk/ HTTP/1.1"
"2018-03-25 04:13:33.453 UTC","196.52.43.55",18e9afaf91db6f8a2470e7435c2a1d6b,995,6666,,
"2018-03-25 04:08:04.435 UTC","196.52.43.101",18e9afaf91db6f8a2470e7435c2a1d6b,995,6666,,
"2018-03-25 04:07:38.477 UTC","196.52.43.114",18e9afaf91db6f8a2470e7435c2a1d6b,443,6666,,
"2018-03-25 04:05:05.425 UTC","196.52.43.66",18e9afaf91db6f8a2470e7435c2a1d6b,990,6666,,
"2018-03-25 03:54:02.612 UTC","61.50.221.14",de350869b8c85de67a350c8d186f11e6,443,1392,,
"2018-03-25 03:46:12.597 UTC","196.52.43.101",18e9afaf91db6f8a2470e7435c2a1d6b,990,6666,,
"2018-03-25 03:42:40.085 UTC","67.232.60.223",613e01474d42ebe48ef52dff6a20f079,443,60311,,
"2018-03-25 03:40:37.753 UTC","67.232.60.223",613e01474d42ebe48ef52dff6a20f079,443,59790,,
"2018-03-25 03:39:57.331 UTC","196.52.43.92",59f4a0dd54bee9644fd4cbc817efbf56,990,36348,,
"2018-03-25 03:38:36.077 UTC","67.232.60.223",613e01474d42ebe48ef52dff6a20f079,443,59461,,
"2018-03-25 03:37:46.539 UTC","85.18.0.135",a1cb2295baf199acf82d11ba4553b4a8,443,38344,,
"2018-03-25 03:36:34.461 UTC","67.232.60.223",613e01474d42ebe48ef52dff6a20f079,443,59161,,
"2018-03-25 03:34:32.069 UTC","67.232.60.223",613e01474d42ebe48ef52dff6a20f079,443,58965,,
"2018-03-25 03:33:16.433 UTC","223.166.245.200",55b19e8693d264cabc2d508883667b6a,443,34477,"Mozilla/5.0 (Windows NT 6.1) AppleWebKit/537.1 (KHTML, like Gecko) Chrome/21.0.1180.89 Safari/537.1","GET / HTTP/1.1"
"2018-03-25 03:32:35.050 UTC","124.88.64.194",02551233aac971388542804245bcd317,443,39182,"-","GET / HTTP/1.0"
"2018-03-25 03:32:30.761 UTC","67.232.60.223",613e01474d42ebe48ef52dff6a20f079,443,58854,,
"2018-03-25 03:30:59.515 UTC","54.226.134.49",54bed6feac78d43bd9e2f3323ea6009b,443,33386,,
"2018-03-25 03:30:28.777 UTC","67.232.60.223",613e01474d42ebe48ef52dff6a20f079,443,58509,,
"2018-03-25 03:28:26.773 UTC","67.232.60.223",613e01474d42ebe48ef52dff6a20f079,443,58162,,
"2018-03-25 03:26:24.809 UTC","67.232.60.223",613e01474d42ebe48ef52dff6a20f079,443,57904,,
"2018-03-25 03:25:51.797 UTC","196.52.43.94",18e9afaf91db6f8a2470e7435c2a1d6b,995,6666,,
"2018-03-25 03:24:22.481 UTC","67.232.60.223",613e01474d42ebe48ef52dff6a20f079,443,57744,,
"2018-03-25 03:22:20.461 UTC","67.232.60.223",613e01474d42ebe48ef52dff6a20f079,443,57554,,
"2018-03-25 03:20:18.465 UTC","67.232.60.223",613e01474d42ebe48ef52dff6a20f079,443,57394,,
"2018-03-25 03:19:54.189 UTC","164.132.91.13",4ea9b75df5b825f5f735af30836da87d,443,39260,"Mozilla/5.0 (Windows NT 6.1) AppleWebKit/537.36 (KHTML, like Gecko) Chrome/41.0.2228.0 Safari/537.36","GET / HTTP/1.1"
"2018-03-25 03:19:21.596 UTC","104.200.24.128",35870f79de73879aa5d4929e9703dcec,443,51240,,
"2018-03-25 03:18:59.045 UTC","164.132.91.13",c16d6a987d1d05825dadd41793ff9689,443,44119,"Mozilla/5.0 (Windows NT 6.1) AppleWebKit/537.36 (KHTML, like Gecko) Chrome/41.0.2228.0 Safari/537.36","GET / HTTP/1.1"
"2018-03-25 03:18:15.805 UTC","67.232.60.223",613e01474d42ebe48ef52dff6a20f079,443,57076,,
"2018-03-25 03:16:14.481 UTC","67.232.60.223",613e01474d42ebe48ef52dff6a20f079,443,56860,,
"2018-03-25 03:14:11.785 UTC","67.232.60.223",613e01474d42ebe48ef52dff6a20f079,443,56682,,
"2018-03-25 03:12:09.465 UTC","67.232.60.223",613e01474d42ebe48ef52dff6a20f079,443,56431,,
"2018-03-25 03:10:07.753 UTC","67.232.60.223",613e01474d42ebe48ef52dff6a20f079,443,56190,,
"2018-03-25 03:08:05.752 UTC","67.232.60.223",613e01474d42ebe48ef52dff6a20f079,443,56065,,
"2018-03-25 03:06:03.461 UTC","67.232.60.223",613e01474d42ebe48ef52dff6a20f079,443,55854,,
"2018-03-25 03:03:59.773 UTC","67.232.60.223",613e01474d42ebe48ef52dff6a20f079,443,55660,,
"2018-03-25 03:01:56.765 UTC","67.232.60.223",613e01474d42ebe48ef52dff6a20f079,443,55645,,
"2018-03-25 02:57:51.465 UTC","67.232.60.223",613e01474d42ebe48ef52dff6a20f079,443,55379,,
"2018-03-25 02:57:29.100 UTC","104.200.24.128",35870f79de73879aa5d4929e9703dcec,443,57064,,
"2018-03-25 02:55:48.461 UTC","67.232.60.223",613e01474d42ebe48ef52dff6a20f079,443,55208,,
"2018-03-25 02:53:45.461 UTC","67.232.60.223",613e01474d42ebe48ef52dff6a20f079,443,54943,,
"2018-03-25 02:51:42.461 UTC","67.232.60.223",613e01474d42ebe48ef52dff6a20f079,443,54927,,
"2018-03-25 02:49:40.481 UTC","67.232.60.223",613e01474d42ebe48ef52dff6a20f079,443,54753,,
"2018-03-25 02:47:38.481 UTC","67.232.60.223",613e01474d42ebe48ef52dff6a20f079,443,54192,,
"2018-03-25 02:45:35.749 UTC","67.232.60.223",613e01474d42ebe48ef52dff6a20f079,443,53732,,
"2018-03-25 02:43:33.809 UTC","67.232.60.223",613e01474d42ebe48ef52dff6a20f079,443,53425,,
"2018-03-25 02:41:31.769 UTC","67.232.60.223",613e01474d42ebe48ef52dff6a20f079,443,52976,,
"2018-03-25 02:39:29.809 UTC","67.232.60.223",613e01474d42ebe48ef52dff6a20f079,443,52546,,
"2018-03-25 02:26:27.471 UTC","93.62.101.198",a1cb2295baf199acf82d11ba4553b4a8,443,39990,,
"2018-03-25 02:26:23.579 UTC","66.102.6.213",a1cb2295baf199acf82d11ba4553b4a8,443,39380,,
"2018-03-25 02:23:54.568 UTC","67.21.36.2",20c9baf81bfe96ff89722899e75d0190,443,58440,"Mozilla/5.0 zgrab/0.x","GET /robots.txt HTTP/1.1"
"2018-03-25 02:19:16.095 UTC","104.200.24.128",35870f79de73879aa5d4929e9703dcec,443,60788,,
"2018-03-25 02:18:16.199 UTC","104.200.24.128",35870f79de73879aa5d4929e9703dcec,443,50608,,
"2018-03-25 02:17:52.694 UTC","104.200.24.128",35870f79de73879aa5d4929e9703dcec,443,47120,,
"2018-03-25 02:16:53.716 UTC","196.52.43.101",18e9afaf91db6f8a2470e7435c2a1d6b,993,6666,,
"2018-03-25 02:14:14.489 UTC","23.239.1.78",35870f79de73879aa5d4929e9703dcec,443,58666,,
"2018-03-25 02:12:53.053 UTC","139.162.106.181",6b2355cd870327854d38780b7f3b6dc0,443,60850,"Mozilla/5.0 (Windows NT 10.0; WOW64) AppleWebKit/537.36 (KHTML, like Gecko) Chrome/50.0.2661.102 Safari/537.36","GET / HTTP/1.1"
"2018-03-25 02:10:44.953 UTC","14.63.163.20",5785d5fd49f178a7c502f6361a76177f,443,63913,"Mozilla/5.0 (Windows NT 5.1; rv:9.0.1) Gecko/20100101 Firefox/9.0.1","GET / HTTP/1.1"
"2018-03-25 02:10:40.325 UTC","52.74.116.119",9d93ac066dfe5b5a38d8b1a90c8cea4b,443,62917,,
"2018-03-25 02:10:39.128 UTC","52.74.116.119",9d93ac066dfe5b5a38d8b1a90c8cea4b,443,62809,,
"2018-03-25 02:10:28.949 UTC","71.6.165.200",330ed8deb9b34592442c3bb392ee0926,993,49338,,
"2018-03-25 02:05:32.198 UTC","67.21.36.2",20c9baf81bfe96ff89722899e75d0190,443,50768,"Mozilla/5.0 zgrab/0.x","GET /robots.txt HTTP/1.1"
"2018-03-25 01:41:49.371 UTC","196.52.43.113",18e9afaf91db6f8a2470e7435c2a1d6b,990,6666,,
"2018-03-25 01:39:34.176 UTC","106.186.113.132",6b2355cd870327854d38780b7f3b6dc0,993,38838,,
"2018-03-25 01:26:41.456 UTC","139.162.113.204",6b2355cd870327854d38780b7f3b6dc0,443,47458,"Mozilla/5.0 (Windows NT 10.0; WOW64) AppleWebKit/537.36 (KHTML, like Gecko) Chrome/50.0.2661.102 Safari/537.36","GET / HTTP/1.1"
"2018-03-25 01:21:22.801 UTC","67.21.36.2",20c9baf81bfe96ff89722899e75d0190,443,53362,"Mozilla/5.0 zgrab/0.x","GET /robots.txt HTTP/1.1"
"2018-03-25 01:13:14.174 UTC","106.11.225.81",4cb30c32ef107c2e6f2c47bc94dc1c8b,443,31407,,
"2018-03-25 01:11:32.717 UTC","82.64.5.64",6a510d7de8208ab6c0f72415356efa75,443,57070,,
"2018-03-25 01:11:28.777 UTC","82.64.5.64",6a510d7de8208ab6c0f72415356efa75,443,56910,,
"2018-03-25 01:10:43.689 UTC","196.52.43.129",18e9afaf91db6f8a2470e7435c2a1d6b,990,6666,,
"2018-03-25 00:53:33.460 UTC","67.21.36.2",20c9baf81bfe96ff89722899e75d0190,443,50392,"Mozilla/5.0 zgrab/0.x","GET /robots.txt HTTP/1.1"
"2018-03-25 00:53:09.736 UTC","46.161.55.108",9893a7df786b1a33fb27c691e770b496,443,39434,"python-requests/2.18.4","GET /_asterisk/ HTTP/1.1"
"2018-03-25 00:52:37.067 UTC","46.161.55.108",9893a7df786b1a33fb27c691e770b496,443,47820,"python-requests/2.18.4","GET /_asterisk/ HTTP/1.1"
"2018-03-25 00:52:14.459 UTC","46.161.55.108",9893a7df786b1a33fb27c691e770b496,443,57764,"python-requests/2.18.4","GET /_asterisk/ HTTP/1.1"
"2018-03-25 00:51:36.421 UTC","46.161.55.108",9893a7df786b1a33fb27c691e770b496,443,52290,"python-requests/2.18.4","GET /_asterisk/ HTTP/1.1"
"2018-03-25 00:51:29.126 UTC","46.161.55.108",9893a7df786b1a33fb27c691e770b496,443,45646,"python-requests/2.18.4","GET /_asterisk/ HTTP/1.1"
"2018-03-25 00:51:16.935 UTC","46.161.55.108",9893a7df786b1a33fb27c691e770b496,443,50968,"python-requests/2.18.4","GET /_asterisk/ HTTP/1.1"
"2018-03-25 00:50:03.200 UTC","46.161.55.108",9893a7df786b1a33fb27c691e770b496,443,52316,"python-requests/2.18.4","GET /_asterisk/ HTTP/1.1"
"2018-03-25 00:49:58.335 UTC","46.161.55.108",9893a7df786b1a33fb27c691e770b496,443,49980,"python-requests/2.18.4","GET /_asterisk/ HTTP/1.1"
"2018-03-25 00:49:58.176 UTC","46.161.55.108",9893a7df786b1a33fb27c691e770b496,443,53054,"python-requests/2.18.4","GET /_asterisk/ HTTP/1.1"
"2018-03-25 00:49:50.103 UTC","46.161.55.108",9893a7df786b1a33fb27c691e770b496,443,43262,"python-requests/2.18.4","GET /_asterisk/ HTTP/1.1"
"2018-03-25 00:49:17.089 UTC","46.161.55.108",9893a7df786b1a33fb27c691e770b496,443,39838,"python-requests/2.18.4","GET /_asterisk/ HTTP/1.1"
"2018-03-25 00:45:46.273 UTC","107.170.198.210",caaddd3ed0a315543d761490b01b08e0,993,45426,"-","a001 CLOSE"
"2018-03-25 00:44:17.761 UTC","107.170.196.201",caaddd3ed0a315543d761490b01b08e0,993,41080,"-","a001 CLOSE"
"2018-03-25 00:44:17.705 UTC","107.170.196.201",caaddd3ed0a315543d761490b01b08e0,993,50036,"-","a001 CLOSE"
"2018-03-25 00:38:30.223 UTC","107.170.230.48",caaddd3ed0a315543d761490b01b08e0,993,60662,"-","a001 CLOSE"
"2018-03-25 00:38:30.183 UTC","107.170.230.48",caaddd3ed0a315543d761490b01b08e0,993,59466,"-","a001 CLOSE"
"2018-03-25 00:38:30.175 UTC","107.170.230.48",caaddd3ed0a315543d761490b01b08e0,993,52820,"-","a001 CLOSE"
"2018-03-25 00:38:30.101 UTC","107.170.230.48",caaddd3ed0a315543d761490b01b08e0,993,40766,"-","a001 CLOSE"
"2018-03-25 00:38:29.871 UTC","107.170.230.48",caaddd3ed0a315543d761490b01b08e0,993,41644,"-","a001 CLOSE"
"2018-03-25 00:38:29.867 UTC","107.170.230.48",caaddd3ed0a315543d761490b01b08e0,993,57258,"-","a001 CLOSE"
"2018-03-25 00:38:25.611 UTC","107.170.232.37",caaddd3ed0a315543d761490b01b08e0,993,41010,"-","a001 CLOSE"
"2018-03-25 00:38:25.468 UTC","107.170.232.37",caaddd3ed0a315543d761490b01b08e0,993,53804,"-","a001 CLOSE"
"2018-03-25 00:38:25.252 UTC","107.170.232.37",caaddd3ed0a315543d761490b01b08e0,993,35114,"-","a001 CLOSE"
"2018-03-25 00:38:25.184 UTC","107.170.232.37",caaddd3ed0a315543d761490b01b08e0,993,34972,"-","a001 CLOSE"
"2018-03-25 00:38:24.789 UTC","107.170.232.37",caaddd3ed0a315543d761490b01b08e0,993,39294,"-","a001 CLOSE"
"2018-03-25 00:35:27.493 UTC","71.6.202.204",20c9baf81bfe96ff89722899e75d0190,443,40146,"Mozilla/5.0 (Windows NT 10.0; WOW64) AppleWebKit/537.36 (KHTML, like Gecko) Chrome/63.0.3239.132 Safari/537.36","GET / HTTP/1.1"
"2018-03-25 00:07:19.997 UTC","46.161.55.108",9893a7df786b1a33fb27c691e770b496,443,52798,"python-requests/2.18.4","GET /_asterisk/ HTTP/1.1"
"2018-03-25 00:03:08.137 UTC","107.170.200.154",20c9baf81bfe96ff89722899e75d0190,443,47570,"Mozilla/5.0 zgrab/0.x","GET / HTTP/1.1"
"2018-03-25 00:02:29.461 UTC","162.243.146.235",20c9baf81bfe96ff89722899e75d0190,443,39782,"Mozilla/5.0 zgrab/0.x","GET / HTTP/1.1"
"2018-03-25 00:02:20.261 UTC","162.243.146.235",20c9baf81bfe96ff89722899e75d0190,443,40968,"Mozilla/5.0 zgrab/0.x","GET / HTTP/1.1"
"2018-03-24 23:56:43.596 UTC","107.170.195.156",20c9baf81bfe96ff89722899e75d0190,443,50084,"Mozilla/5.0 zgrab/0.x","GET / HTTP/1.1"
"2018-03-24 23:56:33.484 UTC","107.170.195.156",20c9baf81bfe96ff89722899e75d0190,443,33114,"Mozilla/5.0 zgrab/0.x","GET / HTTP/1.1"
"2018-03-24 23:55:55.656 UTC","107.170.195.156",20c9baf81bfe96ff89722899e75d0190,443,36596,"Mozilla/5.0 zgrab/0.x","GET / HTTP/1.1"
"2018-03-24 23:55:31.460 UTC","107.170.195.156",20c9baf81bfe96ff89722899e75d0190,443,44674,"Mozilla/5.0 zgrab/0.x","GET / HTTP/1.1"
"2018-03-24 23:55:04.031 UTC","107.170.238.228",20c9baf81bfe96ff89722899e75d0190,443,50636,"Mozilla/5.0 zgrab/0.x","GET / HTTP/1.1"
"2018-03-24 23:55:01.179 UTC","107.170.238.228",20c9baf81bfe96ff89722899e75d0190,443,39908,"Mozilla/5.0 zgrab/0.x","GET / HTTP/1.1"
"2018-03-24 23:54:58.491 UTC","107.170.238.228",20c9baf81bfe96ff89722899e75d0190,443,53820,"Mozilla/5.0 zgrab/0.x","GET / HTTP/1.1"
"2018-03-24 23:54:55.723 UTC","107.170.238.228",20c9baf81bfe96ff89722899e75d0190,443,53124,"Mozilla/5.0 zgrab/0.x","GET / HTTP/1.1"
"2018-03-24 23:54:49.818 UTC","107.170.195.156",20c9baf81bfe96ff89722899e75d0190,443,34070,"Mozilla/5.0 zgrab/0.x","GET / HTTP/1.1"
"2018-03-24 23:54:49.769 UTC","107.170.238.228",20c9baf81bfe96ff89722899e75d0190,443,42074,"Mozilla/5.0 zgrab/0.x","GET / HTTP/1.1"
"2018-03-24 23:54:47.055 UTC","107.170.238.228",20c9baf81bfe96ff89722899e75d0190,443,48238,"Mozilla/5.0 zgrab/0.x","GET / HTTP/1.1"
"2018-03-24 23:41:02.545 UTC","196.52.43.63",18e9afaf91db6f8a2470e7435c2a1d6b,990,6666,,
"2018-03-24 23:08:51.664 UTC","196.52.43.94",59f4a0dd54bee9644fd4cbc817efbf56,990,60542,,
"2018-03-24 22:57:44.325 UTC","164.132.91.13",4ea9b75df5b825f5f735af30836da87d,443,52935,"Mozilla/5.0 (Windows NT 6.1) AppleWebKit/537.36 (KHTML, like Gecko) Chrome/41.0.2228.0 Safari/537.36","GET / HTTP/1.1"
"2018-03-24 22:37:37.120 UTC","198.20.69.98",330ed8deb9b34592442c3bb392ee0926,995,37404,,
"2018-03-24 22:18:20.424 UTC","88.173.160.30",28229a747150a72a38df5a99d8ae8362,443,54749,,
"2018-03-24 22:18:20.420 UTC","88.173.160.30",28229a747150a72a38df5a99d8ae8362,443,54748,,
"2018-03-24 22:07:35.063 UTC","182.138.214.67",55b19e8693d264cabc2d508883667b6a,443,59403,"Mozilla/5.0 (Windows NT 6.1) AppleWebKit/537.1 (KHTML, like Gecko) Chrome/21.0.1180.89 Safari/537.1","GET / HTTP/1.1"
"2018-03-24 21:53:32.348 UTC","164.132.91.13",4ea9b75df5b825f5f735af30836da87d,443,48691,"Mozilla/5.0 (Windows NT 6.1) AppleWebKit/537.36 (KHTML, like Gecko) Chrome/41.0.2228.0 Safari/537.36","GET / HTTP/1.1"
"2018-03-24 21:33:37.287 UTC","164.132.91.13",4ea9b75df5b825f5f735af30836da87d,443,45974,"Mozilla/5.0 (Windows NT 6.1) AppleWebKit/537.36 (KHTML, like Gecko) Chrome/41.0.2228.0 Safari/537.36","GET / HTTP/1.1"
"2018-03-24 21:31:35.898 UTC","220.250.63.236",55b19e8693d264cabc2d508883667b6a,443,57612,"Mozilla/5.0 (Windows NT 6.1) AppleWebKit/537.1 (KHTML, like Gecko) Chrome/21.0.1180.89 Safari/537.1","GET / HTTP/1.1"
"2018-03-24 21:20:07.711 UTC","93.174.95.106",330ed8deb9b34592442c3bb392ee0926,995,59676,,
"2018-03-24 21:06:59.589 UTC","164.132.91.13",4ea9b75df5b825f5f735af30836da87d,443,36793,"Mozilla/5.0 (Windows NT 6.1) AppleWebKit/537.36 (KHTML, like Gecko) Chrome/41.0.2228.0 Safari/537.36","GET / HTTP/1.1"
"2018-03-24 21:06:17.074 UTC","137.226.113.9",49e91050ed5fb84fca69c7f4d512b7e8,443,41590,,
"2018-03-24 21:05:11.212 UTC","125.212.217.215",75906fafb27d0faa2413b394b11ad299,636,59892,"-","0\x0C\x02\x01\x01`\x07\x02\x01\x02\x04\x00\x80\x00"
"2018-03-24 21:05:11.111 UTC","125.212.217.215",75906fafb27d0faa2413b394b11ad299,636,59686,"-","0\x0C\x02\x01\x01`\x07\x02\x01\x02\x04\x00\x80\x00"
"2018-03-24 21:05:10.568 UTC","125.212.217.215",865e4305a503dc51f83a3c6b6da9fdcf,636,59672,"-","0\x0C\x02\x01\x01`\x07\x02\x01\x02\x04\x00\x80\x00"
"2018-03-24 21:05:10.452 UTC","125.212.217.215",5c6742b9d3940f70850ee675a5fdb1f0,636,59630,"-","0\x0C\x02\x01\x01`\x07\x02\x01\x02\x04\x00\x80\x00"
"2018-03-24 21:05:10.128 UTC","125.212.217.215",bb4c15a90e93a25ddc16274395bce4c6,636,59356,"-","0\x0C\x02\x01\x01`\x07\x02\x01\x02\x04\x00\x80\x00"
"2018-03-24 21:05:09.600 UTC","125.212.217.215",3b5bebab6ece7e84c4aad07ff206ca7c,636,59316,"-","0\x0C\x02\x01\x01`\x07\x02\x01\x02\x04\x00\x80\x00"
"2018-03-24 21:05:09.480 UTC","125.212.217.215",c369db2c355ad05c76f5660af3179b01,636,59288,"-","0\x0C\x02\x01\x01`\x07\x02\x01\x02\x04\x00\x80\x00"
"2018-03-24 21:05:09.356 UTC","125.212.217.215",0485b90482d15acc0b6f51434b0fab97,636,59240,"-","0\x0C\x02\x01\x01`\x07\x02\x01\x02\x04\x00\x80\x00"
"2018-03-24 21:05:09.240 UTC","125.212.217.215",d6c3b0c473705d1ba16c927c31856bb1,636,59202,"-","0\x0C\x02\x01\x01`\x07\x02\x01\x02\x04\x00\x80\x00"
"2018-03-24 21:05:09.128 UTC","125.212.217.215",96bbbb242c187cedfc9cc89e5335501a,636,58956,"-","0\x0C\x02\x01\x01`\x07\x02\x01\x02\x04\x00\x80\x00"
"2018-03-24 21:05:08.488 UTC","125.212.217.215",0b63812a99e66c82a20d30c3b9ba6e06,636,58944,"-","0\x0C\x02\x01\x01`\x07\x02\x01\x02\x04\x00\x80\x00"
"2018-03-24 21:05:08.376 UTC","125.212.217.215",c369db2c355ad05c76f5660af3179b01,636,58918,"-","0\x0C\x02\x01\x01`\x07\x02\x01\x02\x04\x00\x80\x00"
"2018-03-24 21:05:08.251 UTC","125.212.217.215",330ed8deb9b34592442c3bb392ee0926,636,58868,"-","0\x0C\x02\x01\x01`\x07\x02\x01\x02\x04\x00\x80\x00"
"2018-03-24 21:01:14.363 UTC","70.42.131.170",fd6314b03413399e4f23d1524d206692,443,50543,,
"2018-03-24 21:01:14.355 UTC","70.42.131.170",fd6314b03413399e4f23d1524d206692,443,44696,,
"2018-03-24 21:01:14.191 UTC","70.42.131.170",fd6314b03413399e4f23d1524d206692,443,44478,,
"2018-03-24 20:00:43.660 UTC","119.23.139.140",c3a6cf0bf2e690ac8e1ecf6081f17a50,992,51312,,
"2018-03-24 20:00:43.484 UTC","119.23.139.140",c3a6cf0bf2e690ac8e1ecf6081f17a50,992,51656,,
"2018-03-24 20:00:23.444 UTC","180.213.110.118",55b19e8693d264cabc2d508883667b6a,443,58666,"Mozilla/5.0 (Windows NT 6.1) AppleWebKit/537.1 (KHTML, like Gecko) Chrome/21.0.1180.89 Safari/537.1","GET / HTTP/1.1"
"2018-03-24 19:58:15.063 UTC","106.14.104.214",c3a6cf0bf2e690ac8e1ecf6081f17a50,992,38748,,
"2018-03-24 19:57:16.453 UTC","47.93.180.168",c3a6cf0bf2e690ac8e1ecf6081f17a50,992,47624,,
"2018-03-24 19:57:15.895 UTC","47.93.180.168",c3a6cf0bf2e690ac8e1ecf6081f17a50,992,47722,,
"2018-03-24 19:57:15.547 UTC","47.93.180.168",c3a6cf0bf2e690ac8e1ecf6081f17a50,992,60216,,
"2018-03-24 19:55:14.179 UTC","47.97.23.199",c3a6cf0bf2e690ac8e1ecf6081f17a50,992,54242,,
"2018-03-24 19:55:13.572 UTC","47.97.23.199",c3a6cf0bf2e690ac8e1ecf6081f17a50,992,57336,,
"2018-03-24 19:46:53.937 UTC","37.230.116.110",a1a3466d7652d5e397683a68ef86325a,443,42618,,
"2018-03-24 19:38:18.029 UTC","94.97.121.101",bf2b6289df9559f6597610d89b2816e4,443,61072,,
"2018-03-24 19:33:33.756 UTC","71.6.167.142",8c6d35fb49cb06738417d6ed1794fadb,443,38029,"-","GET /.well-known/security.txt HTTP/1.1"
"2018-03-24 19:33:27.840 UTC","71.6.167.142",75906fafb27d0faa2413b394b11ad299,443,37638,"-","GET /.well-known/security.txt HTTP/1.1"
"2018-03-24 19:33:27.784 UTC","71.6.167.142",75906fafb27d0faa2413b394b11ad299,443,37635,"-","GET /.well-known/security.txt HTTP/1.1"
"2018-03-24 19:33:27.736 UTC","71.6.167.142",865e4305a503dc51f83a3c6b6da9fdcf,443,37627,"-","GET /.well-known/security.txt HTTP/1.1"
"2018-03-24 19:33:23.984 UTC","71.6.167.142",5c6742b9d3940f70850ee675a5fdb1f0,443,37383,"-","GET /.well-known/security.txt HTTP/1.1"
"2018-03-24 19:33:16.796 UTC","71.6.167.142",fdff1ef845c3cd6bee2701276cd1a1d8,443,36829,"-","GET /.well-known/security.txt HTTP/1.1"
"2018-03-24 19:33:06.740 UTC","71.6.167.142",fdff1ef845c3cd6bee2701276cd1a1d8,443,35753,"-","GET /.well-known/security.txt HTTP/1.1"
"2018-03-24 19:32:55.740 UTC","71.6.167.142",fdff1ef845c3cd6bee2701276cd1a1d8,443,35001,"-","GET /.well-known/security.txt HTTP/1.1"
"2018-03-24 19:32:49.916 UTC","71.6.167.142",cba7f34191ef2379c1325641f6c6c4f4,443,34454,"-","GET /.well-known/security.txt HTTP/1.1"
"2018-03-24 19:32:49.844 UTC","71.6.167.142",bb4c15a90e93a25ddc16274395bce4c6,443,34437,"-","GET /.well-known/security.txt HTTP/1.1"
"2018-03-24 19:32:49.770 UTC","71.6.167.142",3b5bebab6ece7e84c4aad07ff206ca7c,443,34433,"-","GET /.well-known/security.txt HTTP/1.1"
"2018-03-24 19:32:49.152 UTC","71.6.167.142",c369db2c355ad05c76f5660af3179b01,443,34306,"-","GET /.well-known/security.txt HTTP/1.1"
"2018-03-24 19:32:48.740 UTC","71.6.167.142",0485b90482d15acc0b6f51434b0fab97,443,34217,"-","GET /.well-known/security.txt HTTP/1.1"
"2018-03-24 19:32:47.756 UTC","71.6.167.142",d6c3b0c473705d1ba16c927c31856bb1,443,34065,"-","GET /.well-known/security.txt HTTP/1.1"
"2018-03-24 19:32:46.952 UTC","71.6.167.142",96bbbb242c187cedfc9cc89e5335501a,443,34047,"-","GET /.well-known/security.txt HTTP/1.1"
"2018-03-24 19:32:46.872 UTC","71.6.167.142",0b63812a99e66c82a20d30c3b9ba6e06,443,34031,"-","GET /.well-known/security.txt HTTP/1.1"
"2018-03-24 19:32:46.804 UTC","71.6.167.142",c369db2c355ad05c76f5660af3179b01,443,34028,"-","GET /.well-known/security.txt HTTP/1.1"
"2018-03-24 19:32:39.964 UTC","71.6.167.142",fdff1ef845c3cd6bee2701276cd1a1d8,443,33322,"-","GET /.well-known/security.txt HTTP/1.1"
"2018-03-24 19:27:45.932 UTC","123.179.14.216",55b19e8693d264cabc2d508883667b6a,443,30892,"Mozilla/5.0 (Windows NT 6.1) AppleWebKit/537.1 (KHTML, like Gecko) Chrome/21.0.1180.89 Safari/537.1","GET / HTTP/1.1"
"2018-03-24 19:27:11.647 UTC","182.119.197.201",02551233aac971388542804245bcd317,443,52776,"-","GET / HTTP/1.0"
"2018-03-24 19:18:56.612 UTC","119.23.174.205",c3a6cf0bf2e690ac8e1ecf6081f17a50,992,53768,,
"2018-03-24 19:18:56.198 UTC","119.23.174.205",c3a6cf0bf2e690ac8e1ecf6081f17a50,992,37522,,
"2018-03-24 19:03:54.179 UTC","46.161.55.108",9893a7df786b1a33fb27c691e770b496,443,47966,"python-requests/2.18.4","GET /_asterisk/ HTTP/1.1"
"2018-03-24 19:03:46.612 UTC","46.161.55.108",9893a7df786b1a33fb27c691e770b496,443,55886,"python-requests/2.18.4","GET /_asterisk/ HTTP/1.1"
"2018-03-24 19:03:29.200 UTC","46.161.55.108",9893a7df786b1a33fb27c691e770b496,443,56304,"python-requests/2.18.4","GET /_asterisk/ HTTP/1.1"
"2018-03-24 19:03:22.196 UTC","46.161.55.108",9893a7df786b1a33fb27c691e770b496,443,53252,"python-requests/2.18.4","GET /_asterisk/ HTTP/1.1"
"2018-03-24 19:02:52.215 UTC","46.161.55.108",9893a7df786b1a33fb27c691e770b496,443,42156,"python-requests/2.18.4","GET /_asterisk/ HTTP/1.1"
"2018-03-24 19:02:51.026 UTC","46.161.55.108",9893a7df786b1a33fb27c691e770b496,443,47292,"python-requests/2.18.4","GET /_asterisk/ HTTP/1.1"
"2018-03-24 19:02:34.720 UTC","46.161.55.108",9893a7df786b1a33fb27c691e770b496,443,52046,"python-requests/2.18.4","GET /_asterisk/ HTTP/1.1"
"2018-03-24 19:02:02.196 UTC","119.23.138.247",c3a6cf0bf2e690ac8e1ecf6081f17a50,995,46186,,
"2018-03-24 19:02:01.695 UTC","119.23.138.247",c3a6cf0bf2e690ac8e1ecf6081f17a50,995,39036,,
"2018-03-24 19:02:01.312 UTC","119.23.138.247",c3a6cf0bf2e690ac8e1ecf6081f17a50,995,45438,,
"2018-03-24 19:01:44.699 UTC","46.161.55.108",9893a7df786b1a33fb27c691e770b496,443,41714,"python-requests/2.18.4","GET /_asterisk/ HTTP/1.1"
"2018-03-24 19:01:27.352 UTC","46.161.55.108",9893a7df786b1a33fb27c691e770b496,443,52666,"python-requests/2.18.4","GET /_asterisk/ HTTP/1.1"
"2018-03-24 19:00:50.338 UTC","106.15.52.246",c3a6cf0bf2e690ac8e1ecf6081f17a50,993,46546,"-","GET / HTTP/1.0"
"2018-03-24 19:00:50.267 UTC","106.15.52.246",c3a6cf0bf2e690ac8e1ecf6081f17a50,993,37452,"-","GET / HTTP/1.0"
"2018-03-24 18:59:57.773 UTC","46.161.55.108",9893a7df786b1a33fb27c691e770b496,443,55670,"python-requests/2.18.4","GET /_asterisk/ HTTP/1.1"
"2018-03-24 18:59:55.159 UTC","46.161.55.108",9893a7df786b1a33fb27c691e770b496,443,35502,"python-requests/2.18.4","GET /_asterisk/ HTTP/1.1"
"2018-03-24 18:59:53.267 UTC","47.100.130.114",c3a6cf0bf2e690ac8e1ecf6081f17a50,995,36338,,
"2018-03-24 18:59:53.171 UTC","47.100.130.114",c3a6cf0bf2e690ac8e1ecf6081f17a50,995,55060,,
"2018-03-24 18:59:27.829 UTC","119.23.138.247",c3a6cf0bf2e690ac8e1ecf6081f17a50,995,52072,,
"2018-03-24 18:58:37.329 UTC","106.15.76.92",c3a6cf0bf2e690ac8e1ecf6081f17a50,993,48712,"-","GET / HTTP/1.0"
"2018-03-24 18:58:37.216 UTC","106.15.76.92",c3a6cf0bf2e690ac8e1ecf6081f17a50,993,55538,"-","GET / HTTP/1.0"
"2018-03-24 18:58:37.018 UTC","106.15.76.92",c3a6cf0bf2e690ac8e1ecf6081f17a50,993,56334,"-","GET / HTTP/1.0"
"2018-03-24 18:58:36.761 UTC","106.15.76.92",c3a6cf0bf2e690ac8e1ecf6081f17a50,993,57894,"-","GET / HTTP/1.0"
"2018-03-24 18:57:55.117 UTC","106.186.113.132",6b2355cd870327854d38780b7f3b6dc0,993,56786,,
"2018-03-24 18:57:39.329 UTC","47.97.21.76",c3a6cf0bf2e690ac8e1ecf6081f17a50,995,58100,,
"2018-03-24 18:57:39.238 UTC","47.97.21.76",c3a6cf0bf2e690ac8e1ecf6081f17a50,995,48072,,
"2018-03-24 18:57:39.215 UTC","47.97.21.76",c3a6cf0bf2e690ac8e1ecf6081f17a50,995,53304,,
"2018-03-24 18:57:38.781 UTC","47.97.21.76",c3a6cf0bf2e690ac8e1ecf6081f17a50,995,34460,,
"2018-03-24 18:57:10.691 UTC","47.100.64.86",c3a6cf0bf2e690ac8e1ecf6081f17a50,990,52598,,
"2018-03-24 18:57:10.356 UTC","47.100.64.86",c3a6cf0bf2e690ac8e1ecf6081f17a50,990,44664,,
"2018-03-24 18:57:10.132 UTC","47.100.64.86",c3a6cf0bf2e690ac8e1ecf6081f17a50,990,38410,,
"2018-03-24 18:56:40.688 UTC","39.107.14.208",c3a6cf0bf2e690ac8e1ecf6081f17a50,993,54658,"-","GET / HTTP/1.0"
"2018-03-24 18:56:32.706 UTC","47.97.23.199",c3a6cf0bf2e690ac8e1ecf6081f17a50,993,39670,"-","GET / HTTP/1.0"
"2018-03-24 18:56:32.347 UTC","47.97.23.199",c3a6cf0bf2e690ac8e1ecf6081f17a50,993,54998,"-","GET / HTTP/1.0"
"2018-03-24 18:56:32.204 UTC","47.97.23.199",c3a6cf0bf2e690ac8e1ecf6081f17a50,993,39722,"-","GET / HTTP/1.0"
"2018-03-24 18:56:15.761 UTC","47.97.16.76",c3a6cf0bf2e690ac8e1ecf6081f17a50,995,38042,,
"2018-03-24 18:55:25.383 UTC","119.23.174.205",c3a6cf0bf2e690ac8e1ecf6081f17a50,990,39170,,
"2018-03-24 18:55:25.323 UTC","119.23.174.205",c3a6cf0bf2e690ac8e1ecf6081f17a50,990,44496,,
"2018-03-24 18:54:21.117 UTC","47.100.64.86",c3a6cf0bf2e690ac8e1ecf6081f17a50,990,40754,,
"2018-03-24 18:54:09.473 UTC","47.97.23.199",c3a6cf0bf2e690ac8e1ecf6081f17a50,993,41592,"-","GET / HTTP/1.0"
"2018-03-24 18:52:53.183 UTC","47.97.16.76",c3a6cf0bf2e690ac8e1ecf6081f17a50,636,49450,"-","0\x0C\x02\x01\x01`\x07\x02\x01\x02\x04\x00\x80\x00"
"2018-03-24 18:52:52.869 UTC","47.97.16.76",c3a6cf0bf2e690ac8e1ecf6081f17a50,636,51238,"-","0\x0C\x02\x01\x01`\x07\x02\x01\x02\x04\x00\x80\x00"
"2018-03-24 18:52:52.855 UTC","47.97.16.76",c3a6cf0bf2e690ac8e1ecf6081f17a50,636,54056,"-","0\x0C\x02\x01\x01`\x07\x02\x01\x02\x04\x00\x80\x00"
"2018-03-24 18:52:52.436 UTC","47.97.16.76",c3a6cf0bf2e690ac8e1ecf6081f17a50,636,50560,"-","0\x0C\x02\x01\x01`\x07\x02\x01\x02\x04\x00\x80\x00"
"2018-03-24 18:52:40.916 UTC","106.14.104.214",c3a6cf0bf2e690ac8e1ecf6081f17a50,636,60176,"-","0\x0C\x02\x01\x01`\x07\x02\x01\x02\x04\x00\x80\x00"
"2018-03-24 18:52:40.850 UTC","106.14.104.214",c3a6cf0bf2e690ac8e1ecf6081f17a50,636,47576,"-","0\x0C\x02\x01\x01`\x07\x02\x01\x02\x04\x00\x80\x00"
"2018-03-24 18:52:40.761 UTC","106.14.104.214",c3a6cf0bf2e690ac8e1ecf6081f17a50,636,32784,"-","0\x0C\x02\x01\x01`\x07\x02\x01\x02\x04\x00\x80\x00"
"2018-03-24 18:52:40.644 UTC","106.14.104.214",c3a6cf0bf2e690ac8e1ecf6081f17a50,636,59500,"-","0\x0C\x02\x01\x01`\x07\x02\x01\x02\x04\x00\x80\x00"
"2018-03-24 18:52:27.576 UTC","47.52.210.105",c3a6cf0bf2e690ac8e1ecf6081f17a50,990,60452,,
"2018-03-24 18:52:27.018 UTC","47.52.210.105",c3a6cf0bf2e690ac8e1ecf6081f17a50,990,38666,,
"2018-03-24 18:52:26.956 UTC","47.52.210.105",c3a6cf0bf2e690ac8e1ecf6081f17a50,990,57898,,
"2018-03-24 18:52:26.797 UTC","47.52.210.105",c3a6cf0bf2e690ac8e1ecf6081f17a50,990,49632,,
"2018-03-24 18:52:24.359 UTC","47.94.52.138",c3a6cf0bf2e690ac8e1ecf6081f17a50,636,40570,"-","0\x0C\x02\x01\x01`\x07\x02\x01\x02\x04\x00\x80\x00"
"2018-03-24 18:52:24.311 UTC","47.94.52.138",c3a6cf0bf2e690ac8e1ecf6081f17a50,636,33120,"-","0\x0C\x02\x01\x01`\x07\x02\x01\x02\x04\x00\x80\x00"
"2018-03-24 18:52:00.905 UTC","106.15.52.246",c3a6cf0bf2e690ac8e1ecf6081f17a50,990,39564,,
"2018-03-24 18:48:01.905 UTC","47.100.130.114",c3a6cf0bf2e690ac8e1ecf6081f17a50,636,34620,"-","0\x0C\x02\x01\x01`\x07\x02\x01\x02\x04\x00\x80\x00"
"2018-03-24 18:38:19.720 UTC","47.52.210.90",c3a6cf0bf2e690ac8e1ecf6081f17a50,443,53914,"-","GET / HTTP/1.0"
"2018-03-24 18:37:46.728 UTC","47.93.180.168",c3a6cf0bf2e690ac8e1ecf6081f17a50,443,55402,"-","GET / HTTP/1.0"
"2018-03-24 18:36:55.329 UTC","35.227.115.213",fc848b3609f4b89c9de5dc1dbe7f0f62,443,52918,,
"2018-03-24 18:36:22.656 UTC","47.93.180.168",c3a6cf0bf2e690ac8e1ecf6081f17a50,443,41766,"-","GET / HTTP/1.0"
"2018-03-24 18:35:15.581 UTC","47.97.21.76",c3a6cf0bf2e690ac8e1ecf6081f17a50,443,59272,"-","GET / HTTP/1.0"
"2018-03-24 18:34:53.585 UTC","106.15.76.92",c3a6cf0bf2e690ac8e1ecf6081f17a50,443,45214,"-","GET / HTTP/1.0"
"2018-03-24 18:34:43.408 UTC","47.97.21.76",c3a6cf0bf2e690ac8e1ecf6081f17a50,443,35546,"-","GET / HTTP/1.0"
"2018-03-24 18:34:05.020 UTC","47.97.16.6",c3a6cf0bf2e690ac8e1ecf6081f17a50,443,42444,"-","GET / HTTP/1.0"
"2018-03-24 18:32:27.635 UTC","47.97.16.6",c3a6cf0bf2e690ac8e1ecf6081f17a50,443,44888,"-","GET / HTTP/1.0"
"2018-03-24 18:30:42.634 UTC","118.31.244.58",c3a6cf0bf2e690ac8e1ecf6081f17a50,443,33170,"-","GET / HTTP/1.0"
"2018-03-24 18:30:25.690 UTC","47.97.21.76",c3a6cf0bf2e690ac8e1ecf6081f17a50,443,48916,"-","GET / HTTP/1.0"
"2018-03-24 18:29:37.691 UTC","118.31.244.58",c3a6cf0bf2e690ac8e1ecf6081f17a50,443,56082,"-","GET / HTTP/1.0"
"2018-03-24 18:29:13.050 UTC","118.31.244.58",c3a6cf0bf2e690ac8e1ecf6081f17a50,443,46250,"-","GET / HTTP/1.0"
"2018-03-24 18:28:53.657 UTC","125.84.180.203",02551233aac971388542804245bcd317,443,30535,"-","GET / HTTP/1.0"
"2018-03-24 18:27:00.556 UTC","119.23.174.205",c3a6cf0bf2e690ac8e1ecf6081f17a50,443,45624,"-","GET / HTTP/1.0"
"2018-03-24 18:20:58.253 UTC","46.161.55.108",9893a7df786b1a33fb27c691e770b496,443,60860,"python-requests/2.18.4","GET /_asterisk/ HTTP/1.1"
